CREATE TABLE student (
sno VARCHAR(8), 
sname VARCHAR(20),
sex VARCHAR(4),
syear INT,
major VARCHAR(10),
avr FLOAT,
CONSTRAINT student_sno_pk PRIMARY KEY(sno)
);

INSERT INTO STUDENT (sno, sname, sex, syear, major, avr) VALUES
   ('915301','정동상','남',4,'화학','0.95'),
   ('905301','유태지','남',4,'화학','3.28'),
   ('905302','정욱상','남',4,'화학','1.44'),
   ('915303','정욱주','남',4,'화학','0.95'),
   ('923903','정남윤','남',3,'생물','3.23'),
   ('923904','한현석','남',3,'생물','2.45'),
   ('933901','김용서','남',2,'생물','1.48'),
   ('915304','권보수','남',4,'화학','2.32'),
   ('915305','최정희','여',3,'화학','0.58'),
   ('948203','황보우리','여',1,'식영','2.83'),
   ('948204','서창동','남',1,'식영','3.21'),
   ('925306','김재백','남',2,'화학','2.78'),
   ('933902','김현수','남',2,'생물','2.48'),
   ('933903','정승동','남',2,'생물','2.99'),
   ('935303','김완창','남',2,'화학','0.34'),
   ('945302','김람석','남',1,'화학','3.56'),
   ('945303','남궁경아','여',1,'화학','2.36'),
   ('945314','이철윤','남',1,'화학','2.22'),
   ('913901','황수현','남',4,'생물','2.34'),
   ('913902','황진혜','여',4,'생물','3.15'),
   ('913903','정도정','남',4,'생물','0.15'),
   ('933904','임영현','여',2,'생물','3.98'),
   ('915604','정성현','남',4,'유공','3.34'),
   ('915605','강은혜','여',4,'유공','2.99'),
   ('925601','권운각','남',3,'유공','2.90'),
   ('943901','최혜원','여',1,'생물','2.54'),
   ('943902','하정자','남',1,'생물','3.25'),
   ('935304','최홍승','남',2,'화학','3.00'),
   ('925309','오우재','여',1,'화학','2.99'),
   ('943903','유지아','여',1,'생물','1.99'),
   ('943905','유태지','남',1,'생물','2.98'),
   ('894501','장봉철','남',4,'물리','1.25'),
   ('914502','문수보','남',4,'물리','3.33'),
   ('924501','권석복','여',3,'물리','4.00'),
   ('928204','장동준','남',3,'식영','2.39'),
   ('938201','하혜모','남',2,'식영','2.29'),
   ('924502','은정현','여',3,'물리','2.99'),
   ('924505','서찬호','남',3,'물리','3.00'),
   ('924503','박경동','여',3,'물리','1.79'),
   ('925302','이지영','여',3,'화학','1.68'),
   ('925301','김환','여',3,'화학','3.58'),
   ('925305','황현정','여',3,'화학','2.98'),
   ('944511','김형진','여',1,'물리','2.76'),
   ('944503','곽득용','남',1,'물리','3.20'), 
   ('944512','서동조','남',1,'물리','1.99'),
   ('915601','강태용','남',4,'유공','3.90'),
   ('915602','임주영','여',4,'유공','2.38'),
   ('905603','정용정','여',4,'유공','2.89'),
   ('925602','강아영','여',3,'유공','3.38'),
   ('925603','최지현','남',3,'유공','3.89'),
   ('925604','김가원','남',3,'유공','2.34'),
   ('935601','독고현아','남',2,'유공','2.89'),
   ('935602','윤희주','여',2,'유공','1.33'),
   ('935604','권석현','여',2,'유공','2.99'),
   ('935605','한지우','여',2,'유공','3.33'),
   ('945601','심정용','남',1,'유공','3.90'),
   ('935301','이준혜','남',2,'화학','1.99'),
   ('934501','김아진','남',2,'물리','2.16'),
   ('934502','남궁길','남',2,'물리','1.22'),
   ('945602','차정혜','여',1,'유공','2.73'),
   ('945603','정백영','여',1,'유공','1.99'),
   ('945604','권현','남',1,'유공','2.89'),
   ('945605','오경운','남',1,'유공','2.99'),
   ('918201','이경철','남',4,'식영','3.50'),
   ('918202','김복길','여',4,'식영','2.34'),
   ('934503','최모각','남',2,'물리','2.33'),
   ('934504','갑서진','여',2,'물리','3.22'),
   ('944501','최현각','남',1,'물리','0.96'), 
   ('918203','장운영','여',4,'식영','3.89'),
   ('918204','신송광','남',4,'식영','2.34'),
   ('918205','독고낭도','여',4,'식영','3.99'),
   ('928201','황용진','남',3,'식영','3.40'),
   ('928202','이상지','여',3,'식영','3.38'),
   ('928203','김혁윤','남',3,'식영','3.79'),
   ('938202','신섭인','여',2,'식영','3.93'),
   ('938204','최현','여',2,'식영','3.92'),
   ('938205','문원영','여',2,'식영','3.44'),
   ('913904','이호란','여',4,'생물','3.00'),
   ('923901','서윤훈','남',3,'생물','0.96'),
   ('923902','김호야','여',3,'생물','1.56'),
   ('914503','김대현','남',4,'물리','1.25'),
   ('914504','심빈경','남',4,'물리','3.33'),
   ('948201','이창지','남',1,'식영','2.90'),
   ('948202','김성지','여',1,'식영','3.71'),
   ('948205','신형일','남',1,'식영','3.23'),
   ('948209','유태지','남',2,'식영','3.28'),
   ('913908','황진혜','여',3,'생물','3.15')
;

CREATE TABLE course (
cno VARCHAR(8),
cname VARCHAR(40),
st_num INT,
pno VARCHAR(8),
CONSTRAINT course_cno_pk PRIMARY KEY (cno)
);

 INSERT INTO course (cno, cname, st_num, pno) VALUES ('1211','일반화학실험',2,'1001'),
   ('1212','일반화학',3,'1004'),
   ('1213','유기화학',3,'1006'),
   ('1214','무기화학',2,'1004'),
   ('1216','환경화학',2,'1006'),
   ('1217','고분자화학',3,'1007'),
   ('1218','생화학',2,'1008'),
   ('1220','일반물리',3,'1010'),
   ('1223','자기학',3,'1013'),
   ('1226','양자물리학',3,'1016'),
   ('1227','이학수학',2,'1017'),
   ('1228','위상수학',2,'1018'),
   ('2357','유기물리학',3,'1021'),
   ('2358','식물학',3,'1022'),
   ('2363','화학실험',3,'1027'),
   ('2365','전자기학',2,'1029'),
   ('2366','물리실험',2,'1030'),
   ('2367','해부학',3,'1031'),
   ('2368','핵화학',3,'1032'),
   ('2369','무기화학실험',2,NULL),
   ('2370','고생물학',3,'1008'),
   ('2410','대수학',3,'1017'),
   ('2411','무기재료',3,'1004'),
   ('1712','분자생물학',3,'1030'),
   ('1711','유전학실험',2,'1036'),
   ('1782','세포배양학',3,'1017'),
   ('1733','유전체학',3,'1036'),
   ('1290','열역학',3,'1018'),
   ('1287','전산물리',3,'1016'),
   ('1233','역학',3,'1012'),
   ('1245','실험물리학',2,'1013'),
   ('2111','식품화학',3,'1031'),
   ('2112','영양학실험',2,'1034'),
   ('2115','식품분석실험',3,'1035'),
   ('2119','영양생리학',3,'1038'),
   ('2312','생리학',3,'1022'),
   ('2322','생물정보학',3,'1021'),
   ('2313','분류학실험',2,'1027'),
   ('2329','발생생물학',3,'1029')
;

CREATE TABLE score (
sno VARCHAR(8),
cno VARCHAR(8),
result INT,
CONSTRAINT score_sno_cno_pk PRIMARY KEY (sno,cno)
);

 INSERT INTO score (sno, cno, result) VALUES ('894501','1211',97),
   ('905301','1211',66),
   ('905302','1211',89),
   ('905603','1211',81),
   ('913901','1211',94),
   ('913902','1211',83),
   ('913903','1211',29),
   ('913904','1211',75),
   ('913908','1211',65),
   ('914502','1211',75),
   ('914503','1211',76),
   ('914504','1211',64),
   ('915301','1211',57),
   ('915303','1211',86),
   ('915304','1211',78),
   ('915305','1211',47),
   ('915601','1211',87),
   ('915602','1211',93),
   ('915604','1211',69),
   ('915605','1211',80),
   ('918201','1211',81),
   ('918202','1211',45),
   ('918203','1211',48),
   ('918204','1211',46),
   ('918205','1211',67),
   ('923901','1211',60),
   ('923902','1211',93),
   ('923903','1211',59),
   ('923904','1211',49),
   ('924501','1211',86),
   ('924502','1211',91),
   ('924503','1211',53),
   ('924505','1211',98),
   ('925301','1211',44),
   ('925302','1211',32),
   ('925305','1211',81),
   ('925306','1211',68),
   ('925309','1211',71),
   ('925601','1211',69),
   ('925602','1211',94),
   ('925603','1211',58),
   ('925604','1211',42),
   ('928201','1211',78),
   ('928202','1211',43),
   ('928203','1211',87),
   ('928204','1211',87),
   ('933901','1211',79),
   ('933902','1211',47),
   ('933903','1211',81),
   ('933904','1211',90),
   ('934501','1211',72),
   ('934502','1211',45),
   ('934503','1211',70),
   ('934504','1211',47),
   ('935301','1211',69),
   ('938204','1211',64),
   ('938205','1211',79),
   ('943901','1211',58),
   ('943902','1211',45),
   ('943903','1211',35),
   ('948205','1211',60),
   ('948209','1211',77),
   ('894501','1212',84),
   ('905301','1212',87),
   ('905302','1212',82),
   ('905603','1212',84),
   ('913901','1212',97),
   ('913902','1212',70),
   ('913903','1212',57),
   ('913904','1212',27),
   ('913908','1212',98),
   ('914502','1212',60),
   ('914503','1212',83),
   ('914504','1212',88),
   ('915301','1212',44),
   ('915303','1212',93),
   ('915304','1212',80),
   ('915305','1212',53),
   ('915601','1212',77),
   ('915602','1212',96),
   ('915604','1212',54),
   ('915605','1212',73),
   ('918201','1212',62),
   ('918202','1212',34),
   ('918203','1212',81),
   ('918204','1212',73),
   ('918205','1212',94),
   ('923901','1212',47),
   ('925603','1212',56),
   ('925604','1212',90),
   ('928201','1212',71),
   ('928202','1212',71),
   ('928203','1212',85),
   ('928204','1212',67),
   ('933901','1212',65),
   ('933902','1212',85),
   ('933903','1212',46),
   ('933904','1212',79),
   ('934501','1212',97),
   ('934502','1212',41),
   ('934503','1212',87),
   ('934504','1212',41),
   ('935301','1212',49),
   ('935303','1212',78),
   ('935304','1212',94),
   ('935601','1212',46),
   ('935602','1212',67),
   ('935604','1212',59),
   ('935605','1212',90),
   ('938201','1212',81),
   ('938202','1212',65),
   ('938204','1212',64),
   ('938205','1212',59),
   ('943901','1212',73),
   ('943902','1212',70),
   ('943903','1212',21),
   ('943905','1212',57),
   ('944501','1212',99),
   ('944503','1212',57),
   ('944511','1212',92),
   ('944512','1212',86),
   ('945302','1212',85),
   ('945303','1212',44),
   ('945314','1212',47),
   ('945601','1212',61),
   ('945602','1212',47),
   ('945603','1212',58),
   ('945604','1212',40),
   ('945605','1212',86),
   ('948201','1212',61),
   ('948202','1212',84),
   ('948203','1212',49),
   ('948204','1212',60),
   ('948205','1212',74),
   ('948209','1212',85),
   ('894501','1213',60),
   ('905301','1213',45),
   ('905302','1213',56),
   ('905603','1213',41),
   ('913901','1213',77),
   ('913902','1213',44),
   ('913903','1213',83),
   ('913904','1213',68),
   ('913908','1213',75),
   ('914502','1213',63),
   ('914503','1213',41),
   ('914504','1213',62),
   ('915301','1213',41),
   ('915303','1213',66),
   ('915304','1213',82),
   ('915305','1213',78),
   ('915601','1213',92),
   ('915602','1213',64),
   ('915604','1213',31),
   ('915605','1213',48),
   ('918201','1213',49),
   ('918202','1213',47),
   ('918203','1213',67),
   ('918204','1213',78),
   ('918205','1213',80),
   ('923901','1213',66),
   ('923902','1213',51),
   ('923903','1213',68),
   ('923904','1213',50),
   ('924501','1213',55),
   ('924502','1213',50),
   ('924503','1213',84),
   ('924505','1213',64),
   ('925301','1213',89),
   ('925302','1213',71),
   ('925305','1213',68),
   ('925306','1213',61),
   ('925309','1213',83),
   ('925601','1213',85),
   ('925602','1213',68),
   ('925603','1213',49),
   ('925604','1213',85),
   ('928201','1213',66),
   ('928202','1213',48),
   ('928203','1213',88),
   ('928204','1213',89),
   ('933901','1213',95),
   ('933902','1213',92),
   ('933903','1213',50),
   ('933904','1213',62),
   ('934501','1213',92),
   ('934502','1213',58),
   ('935602','1213',68),
   ('935604','1213',87),
   ('935605','1213',59),
   ('938201','1213',94),
   ('938202','1213',52),
   ('938204','1213',99),
   ('938205','1213',52),
   ('943901','1213',71),
   ('943902','1213',90),
   ('943903','1213',62),
   ('943905','1213',49),
   ('944501','1213',67),
   ('944503','1213',45),
   ('944511','1213',41),
   ('944512','1213',49),
   ('948202','1213',85),
   ('948203','1213',77),
   ('948204','1213',56),
   ('948205','1213',74),
   ('948209','1213',84),
   ('894501','1214',96),
   ('905301','1214',57),
   ('905302','1214',99),
   ('905603','1214',54),
   ('913901','1214',80),
   ('913902','1214',76),
   ('913903','1214',96),
   ('913904','1214',67),
   ('913908','1214',61),
   ('914502','1214',56),
   ('914503','1214',56),
   ('914504','1214',70),
   ('915301','1214',97),
   ('915303','1214',55),
   ('915304','1214',40),
   ('915305','1214',94),
   ('915601','1214',59),
   ('915602','1214',89),
   ('915604','1214',47),
   ('915605','1214',54),
   ('918201','1214',64),
   ('918202','1214',64),
   ('918203','1214',94),
   ('918204','1214',90),
   ('918205','1214',59),
   ('923901','1214',70),
   ('923902','1214',53),
   ('923903','1214',64),
   ('923904','1214',76),
   ('924501','1214',68),
   ('924502','1214',95),
   ('924503','1214',95),
   ('924505','1214',68),
   ('925301','1214',70),
   ('925302','1214',44),
   ('925305','1214',42),
   ('925306','1214',85),
   ('925309','1214',63),
   ('925601','1214',72),
   ('925602','1214',62),
   ('925603','1214',65),
   ('925604','1214',84),
   ('928201','1214',86),
   ('928202','1214',93),
   ('928203','1214',51),
   ('928204','1214',63),
   ('933901','1214',64),
   ('933902','1214',49),
   ('933903','1214',78),
   ('933904','1214',50),
   ('934501','1214',99),
   ('934502','1214',41),
   ('934503','1214',80),
   ('934504','1214',68),
   ('935301','1214',74),
   ('935303','1214',55),
   ('935304','1214',87),
   ('935601','1214',52),
   ('935602','1214',78),
   ('935604','1214',56),
   ('935605','1214',44),
   ('938201','1214',92),
   ('938202','1214',62),
   ('938204','1214',89),
   ('938205','1214',86),
   ('943901','1214',60),
   ('943902','1214',72),
   ('943903','1214',82),
   ('943905','1214',78),
   ('944501','1214',72),
   ('944503','1214',56),
   ('944511','1214',84),
   ('944512','1214',73),
   ('945302','1214',93),
   ('945303','1214',47),
   ('945314','1214',75),
   ('945601','1214',87),
   ('945602','1214',58),
   ('945603','1214',99),
   ('945604','1214',97),
   ('914502','1216',44),
   ('914503','1216',38),
   ('914504','1216',75),
   ('915301','1216',89),
   ('915303','1216',95),
   ('915304','1216',80),
   ('915305','1216',93),
   ('915601','1216',51),
   ('915602','1216',43),
   ('915604','1216',46),
   ('915605','1216',75),
   ('918201','1216',67),
   ('918202','1216',87),
   ('918203','1216',73),
   ('918204','1216',52),
   ('918205','1216',67),
   ('923901','1216',64),
   ('923902','1216',42),
   ('923903','1216',72),
   ('923904','1216',40),
   ('924501','1216',61),
   ('924502','1216',32),
   ('924503','1216',44),
   ('924505','1216',68),
   ('925301','1216',43),
   ('925302','1216',90),
   ('925305','1216',72),
   ('925306','1216',92),
   ('925309','1216',67),
   ('925601','1216',67),
   ('925602','1216',95),
   ('925603','1216',77),
   ('925604','1216',51),
   ('928201','1216',82),
   ('928202','1216',64),
   ('928203','1216',82),
   ('928204','1216',28),
   ('933901','1216',91),
   ('933902','1216',48),
   ('934503','1216',83),
   ('934504','1216',42),
   ('935301','1216',62),
   ('935303','1216',81),
   ('935304','1216',46),
   ('935601','1216',85),
   ('935602','1216',90),
   ('935604','1216',90),
   ('935605','1216',75),
   ('938201','1216',67),
   ('938202','1216',56),
   ('938204','1216',79),
   ('938205','1216',47),
   ('943901','1216',48),
   ('943902','1216',47),
   ('943903','1216',81),
   ('943905','1216',62),
   ('944501','1216',47),
   ('944503','1216',28),
   ('944511','1216',88),
   ('944512','1216',54),
   ('945302','1216',88),
   ('945303','1216',99),
   ('945314','1216',48),
   ('945601','1216',85),
   ('945602','1216',64),
   ('945603','1216',60),
   ('945604','1216',50),
   ('945605','1216',82),
   ('948201','1216',32),
   ('948202','1216',54),
   ('948203','1216',83),
   ('948204','1216',63),
   ('948205','1216',94),
   ('948209','1216',36),
   ('894501','1217',74),
   ('905301','1217',87),
   ('905302','1217',80),
   ('905603','1217',62),
   ('913901','1217',68),
   ('913902','1217',93),
   ('913903','1217',83),
   ('913904','1217',75),
   ('913908','1217',84),
   ('914502','1217',59),
   ('914503','1217',89),
   ('914504','1217',45),
   ('915301','1217',44),
   ('915303','1217',46),
   ('915304','1217',79),
   ('915305','1217',96),
   ('915601','1217',97),
   ('915602','1217',37),
   ('915604','1217',99),
   ('915605','1217',91),
   ('918201','1217',68),
   ('918202','1217',66),
   ('918203','1217',82),
   ('918204','1217',91),
   ('918205','1217',88),
   ('928201','1217',44),
   ('928202','1217',52),
   ('928203','1217',91),
   ('928204','1217',43),
   ('933901','1217',55),
   ('933902','1217',47),
   ('933903','1217',89),
   ('933904','1217',41),
   ('934501','1217',45),
   ('934502','1217',51),
   ('934503','1217',88),
   ('934504','1217',76),
   ('935301','1217',77),
   ('935303','1217',62),
   ('935304','1217',74),
   ('935601','1217',85),
   ('935602','1217',95),
   ('935604','1217',66),
   ('935605','1217',54),
   ('938201','1217',85),
   ('938202','1217',88),
   ('938204','1217',78),
   ('938205','1217',48),
   ('943901','1217',58),
   ('943902','1217',54),
   ('943903','1217',59),
   ('943905','1217',96),
   ('944501','1217',42),
   ('944503','1217',68),
   ('944511','1217',70),
   ('944512','1217',84),
   ('945302','1217',44),
   ('945303','1217',43),
   ('945314','1217',59),
   ('945601','1217',69),
   ('945602','1217',97),
   ('945603','1217',97),
   ('945604','1217',78),
   ('945605','1217',88),
   ('948201','1217',49),
   ('948202','1217',85),
   ('948203','1217',26),
   ('948204','1217',97),
   ('948205','1217',78),
   ('948209','1217',76),
   ('894501','1218',68),
   ('905301','1218',73),
   ('905302','1218',63),
   ('905603','1218',75),
   ('913901','1218',70),
   ('913902','1218',75),
   ('913903','1218',50),
   ('913904','1218',50),
   ('913908','1218',81),
   ('914502','1218',95),
   ('914503','1218',59),
   ('914504','1218',72),
   ('915301','1218',87),
   ('915303','1218',45),
   ('915304','1218',83),
   ('915305','1218',77),
   ('915601','1218',74),
   ('915602','1218',45),
   ('915604','1218',48),
   ('925309','1218',52),
   ('925601','1218',78),
   ('925602','1218',52),
   ('925603','1218',80),
   ('925604','1218',62),
   ('928201','1218',75),
   ('928202','1218',46),
   ('928203','1218',74),
   ('928204','1218',80),
   ('933901','1218',74),
   ('933902','1218',51),
   ('933903','1218',93),
   ('933904','1218',58),
   ('934501','1218',55),
   ('934502','1218',44),
   ('934503','1218',69),
   ('934504','1218',52),
   ('935301','1218',76),
   ('935303','1218',90),
   ('935304','1218',67),
   ('935601','1218',43),
   ('935602','1218',87),
   ('935604','1218',80),
   ('935605','1218',98),
   ('938201','1218',74),
   ('938202','1218',56),
   ('938204','1218',63),
   ('938205','1218',76),
   ('943901','1218',48),
   ('943902','1218',61),
   ('943903','1218',59),
   ('943905','1218',57),
   ('944501','1218',62),
   ('944503','1218',88),
   ('944511','1218',53),
   ('944512','1218',68),
   ('945302','1218',83),
   ('945303','1218',76),
   ('945314','1218',91),
   ('945601','1218',53),
   ('945602','1218',48),
   ('945603','1218',51),
   ('945604','1218',56),
   ('945605','1218',51),
   ('948201','1218',94),
   ('948202','1218',56),
   ('905301','1220',84),
   ('905302','1220',76),
   ('905603','1220',69),
   ('913901','1220',70),
   ('913902','1220',86),
   ('913903','1220',95),
   ('913904','1220',74),
   ('913908','1220',56),
   ('914502','1220',71),
   ('914503','1220',96),
   ('914504','1220',65),
   ('915301','1220',91),
   ('915303','1220',42),
   ('915304','1220',63),
   ('915305','1220',64),
   ('915601','1220',61),
   ('915602','1220',41),
   ('915604','1220',91),
   ('915605','1220',95),
   ('918201','1220',82),
   ('918202','1220',61),
   ('918203','1220',87),
   ('918204','1220',46),
   ('918205','1220',78),
   ('923901','1220',97),
   ('923902','1220',23),
   ('923903','1220',60),
   ('923904','1220',74),
   ('924501','1220',74),
   ('924502','1220',53),
   ('924503','1220',71),
   ('924505','1220',61),
   ('925301','1220',84),
   ('925302','1220',90),
   ('925305','1220',89),
   ('925306','1220',43),
   ('925309','1220',56),
   ('925601','1220',63),
   ('925602','1220',69),
   ('925603','1220',98),
   ('925604','1220',80),
   ('928201','1220',40),
   ('928202','1220',82),
   ('928203','1220',54),
   ('928204','1220',71),
   ('933901','1220',76),
   ('933902','1220',77),
   ('933903','1220',52),
   ('933904','1220',85),
   ('934501','1220',51),
   ('934502','1220',61),
   ('934503','1220',96),
   ('934504','1220',87),
   ('935301','1220',43),
   ('935303','1220',87),
   ('935304','1220',81),
   ('935601','1220',79),
   ('935602','1220',89),
   ('935604','1220',44),
   ('935605','1220',60),
   ('938201','1220',47),
   ('938202','1220',46),
   ('938204','1220',77),
   ('938205','1220',55),
   ('943901','1220',86),
   ('943902','1220',54),
   ('943903','1220',94),
   ('943905','1220',58),
   ('915304','1223',69),
   ('915305','1223',96),
   ('915601','1223',93),
   ('915602','1223',76),
   ('915604','1223',88),
   ('915605','1223',57),
   ('918201','1223',88),
   ('918202','1223',49),
   ('918203','1223',86),
   ('918204','1223',77),
   ('918205','1223',64),
   ('923901','1223',93),
   ('923902','1223',70),
   ('923903','1223',74),
   ('923904','1223',80),
   ('924501','1223',63),
   ('924502','1223',64),
   ('924503','1223',79),
   ('924505','1223',79),
   ('925301','1223',65),
   ('925302','1223',47),
   ('925305','1223',57),
   ('925306','1223',81),
   ('925309','1223',54),
   ('925601','1223',99),
   ('925602','1223',72),
   ('925603','1223',36),
   ('925604','1223',35),
   ('928201','1223',54),
   ('928202','1223',68),
   ('928203','1223',48),
   ('928204','1223',92),
   ('933901','1223',79),
   ('933902','1223',83),
   ('933903','1223',58),
   ('933904','1223',42),
   ('934501','1223',98),
   ('934502','1223',58),
   ('934503','1223',70),
   ('934504','1223',41),
   ('935301','1223',95),
   ('935303','1223',66),
   ('935304','1223',57),
   ('935601','1223',49),
   ('935602','1223',67),
   ('935604','1223',43),
   ('935605','1223',86),
   ('938201','1223',92),
   ('938202','1223',84),
   ('938204','1223',92),
   ('938205','1223',91),
   ('943901','1223',61),
   ('943902','1223',93),
   ('943903','1223',53),
   ('943905','1223',70),
   ('944501','1223',68),
   ('944503','1223',68),
   ('945604','1223',81),
   ('945605','1223',95),
   ('948201','1223',68),
   ('948202','1223',92),
   ('948203','1223',50),
   ('948204','1223',64),
   ('913902','1226',46),
   ('913903','1226',83),
   ('913904','1226',64),
   ('913908','1226',97),
   ('914502','1226',66),
   ('914503','1226',47),
   ('914504','1226',81),
   ('915301','1226',78),
   ('915303','1226',60),
   ('915304','1226',47),
   ('915305','1226',82),
   ('915601','1226',98),
   ('915602','1226',44),
   ('915604','1226',82),
   ('915605','1226',54),
   ('923904','1226',50),
   ('924501','1226',51),
   ('924502','1226',88),
   ('924503','1226',87),
   ('925309','1226',52),
   ('925601','1226',92),
   ('925602','1226',96),
   ('925603','1226',46),
   ('925604','1226',49),
   ('933902','1226',80),
   ('933903','1226',100), 
   ('933904','1226',50),
   ('934501','1226',46),
   ('934502','1226',81),
   ('934503','1226',89),
   ('934504','1226',74),
   ('935301','1226',51),
   ('935303','1226',47),
   ('935304','1226',52),
   ('935601','1226',93),
   ('935602','1226',74),
   ('935604','1226',78),
   ('935605','1226',56),
   ('938201','1226',72),
   ('938202','1226',51),
   ('943903','1226',54),
   ('943905','1226',71),
   ('944501','1226',99),
   ('944503','1226',79),
   ('944511','1226',45),
   ('944512','1226',53),
   ('945302','1226',47),
   ('945303','1226',88),
   ('945314','1226',91),
   ('945601','1226',97),
   ('945602','1226',59),
   ('945603','1226',87),
   ('945604','1226',52),
   ('945605','1226',87),
   ('948201','1226',65),
   ('948202','1226',94),
   ('948203','1226',99),
   ('948204','1226',85),
   ('948209','1226',94),
   ('894501','1227',77),
   ('913904','1227',59),
   ('913908','1227',66),
   ('914502','1227',69),
   ('914503','1227',88),
   ('914504','1227',89),
   ('915301','1227',92),
   ('915303','1227',70),
   ('915304','1227',82),
   ('915305','1227',85),
   ('915601','1227',53),
   ('915602','1227',57),
   ('915604','1227',94),
   ('915605','1227',72),
   ('918201','1227',86),
   ('918202','1227',93),
   ('923904','1227',41),
   ('924501','1227',72),
   ('924502','1227',44), 
   ('924505','1227',48),
   ('925301','1227',47),
   ('925302','1227',82),
   ('925305','1227',46),
   ('925306','1227',55),
   ('925309','1227',41),
   ('925601','1227',98),
   ('925602','1227',71),
   ('925603','1227',82),
   ('925604','1227',95),
   ('928201','1227',77),
   ('928202','1227',83),
   ('928203','1227',67),
   ('928204','1227',40),
   ('933901','1227',72),
   ('933902','1227',65),
   ('933903','1227',44),
   ('935301','1227',52),
   ('935303','1227',76),
   ('935304','1227',45),
   ('935601','1227',55),
   ('935602','1227',97),
   ('935604','1227',93),
   ('935605','1227',55),
   ('938201','1227',47),
   ('938202','1227',59),
   ('938204','1227',74),
   ('938205','1227',77),
   ('943901','1227',69),
   ('943902','1227',95),
   ('943903','1227',47),
   ('943905','1227',71),
   ('944501','1227',79),
   ('944503','1227',55),
   ('944511','1227',95),
   ('944512','1227',52),
   ('945302','1227',71),
   ('945303','1227',55),
   ('948201','1227',93),
   ('948202','1227',63),
   ('948203','1227',79),
   ('948204','1227',70),
   ('948205','1227',57),
   ('948209','1227',75),
   ('894501','1228',53),
   ('905301','1228',62),
   ('905302','1228',78),
   ('905603','1228',99),
   ('913901','1228',70),
   ('913902','1228',47),
   ('913903','1228',56),
   ('913904','1228',45),
   ('913908','1228',59),
   ('914502','1228',64),
   ('914503','1228',72),
   ('914504','1228',90),
   ('915301','1228',98),
   ('915303','1228',79),
   ('915304','1228',87),
   ('915305','1228',60),
   ('915605','1228',98),
   ('918201','1228',72),
   ('918202','1228',68),
   ('918203','1228',96),
   ('918204','1228',78),
   ('918205','1228',82),
   ('923901','1228',47),
   ('923902','1228',59),
   ('923903','1228',72),
   ('923904','1228',85),
   ('924501','1228',63),
   ('924502','1228',94),
   ('924503','1228',87),
   ('924505','1228',99),
   ('925301','1228',47),
   ('925302','1228',94),
   ('925305','1228',77),
   ('925306','1228',78),
   ('925309','1228',96),
   ('925601','1228',60),
   ('925602','1228',54),
   ('925603','1228',76),
   ('928202','1228',50),
   ('928203','1228',73),
   ('928204','1228',57),
   ('933901','1228',43),
   ('933902','1228',59),
   ('933903','1228',67),
   ('933904','1228',74),
   ('934501','1228',61),
   ('934502','1228',51),
   ('934503','1228',98),
   ('934504','1228',53),
   ('935301','1228',53),
   ('935303','1228',95),
   ('935304','1228',69),
   ('935601','1228',97),
   ('935602','1228',71),
   ('935604','1228',55),
   ('938204','1228',58),
   ('938205','1228',71),
   ('943901','1228',66),
   ('943902','1228',67),
   ('943903','1228',76),
   ('943905','1228',75),
   ('944501','1228',47),
   ('944503','1228',74),
   ('944511','1228',92),
   ('944512','1228',93),
   ('945302','1228',86),
   ('945303','1228',48),
   ('945314','1228',45),
   ('945601','1228',85),
   ('945602','1228',99),
   ('945603','1228',97),
   ('948205','1228',48),
   ('948209','1228',82),
   ('894501','1233',68),
   ('905301','1233',44),
   ('905302','1233',65),
   ('905603','1233',92),
   ('914502','1233',68),
   ('914503','1233',72),
   ('914504','1233',86),
   ('915301','1233',48),
   ('915303','1233',64),
   ('915304','1233',78),
   ('915305','1233',51),
   ('915601','1233',60),
   ('915602','1233',59),
   ('915604','1233',69),
   ('915605','1233',55),
   ('918201','1233',83),
   ('918202','1233',52),
   ('918203','1233',50),
   ('918204','1233',44),
   ('918205','1233',50),
   ('923901','1233',77),
   ('923902','1233',55),
   ('923903','1233',98),
   ('925301','1233',91),
   ('925302','1233',59),
   ('925305','1233',85),
   ('925306','1233',82),
   ('925309','1233',58),
   ('925601','1233',47),
   ('925602','1233',99),
   ('925603','1233',61),
   ('925604','1233',58),
   ('928201','1233',94),
   ('928202','1233',52),
   ('928203','1233',49),
   ('928204','1233',77),
   ('933901','1233',48),
   ('933902','1233',69),
   ('933903','1233',40),
   ('933904','1233',48),
   ('934501','1233',99),
   ('934502','1233',66),
   ('934503','1233',88),
   ('934504','1233',58),
   ('935301','1233',86),
   ('935303','1233',79),
   ('935304','1233',81),
   ('943902','1233',71),
   ('943903','1233',89),
   ('943905','1233',82),
   ('944501','1233',85),
   ('944503','1233',50),
   ('944511','1233',81),
   ('944512','1233',77),
   ('945302','1233',63),
   ('945303','1233',68),
   ('948201','1233',53),
   ('948202','1233',64),
   ('948203','1233',95),
   ('948204','1233',76),
   ('948205','1233',59),
   ('948209','1233',65),
   ('894501','1245',57),
   ('913904','1245',82),
   ('913908','1245',80),
   ('914502','1245',50),
   ('914503','1245',65),
   ('914504','1245',42),
   ('915301','1245',91),
   ('915303','1245',61),
   ('915304','1245',58),
   ('915305','1245',50),
   ('915601','1245',78),
   ('915602','1245',71),
   ('915604','1245',67),
   ('915605','1245',58),
   ('918201','1245',77),
   ('923901','1245',93),
   ('923902','1245',55),
   ('923903','1245',50),
   ('925301','1245',41),
   ('925302','1245',72),
   ('925305','1245',96),
   ('925306','1245',84),
   ('925309','1245',50),
   ('925601','1245',92),
   ('925602','1245',61),
   ('925603','1245',87),
   ('925604','1245',88),
   ('928201','1245',70),
   ('928202','1245',83),
   ('928203','1245',50),
   ('928204','1245',76),
   ('933901','1245',84),
   ('933902','1245',89),
   ('933903','1245',57),
   ('933904','1245',80),
   ('934501','1245',83),
   ('934502','1245',71),
   ('934503','1245',52),
   ('934504','1245',78),
   ('935605','1245',45),
   ('938201','1245',48),
   ('938202','1245',81),
   ('938204','1245',70),
   ('938205','1245',51),
   ('943901','1245',97),
   ('943902','1245',98),
   ('943903','1245',76),
   ('943905','1245',71),
   ('944501','1245',50),
   ('944503','1245',72),
   ('944511','1245',65),
   ('944512','1245',60),
   ('945302','1245',96),
   ('945303','1245',42),
   ('945314','1245',87),
   ('945601','1245',52),
   ('945602','1245',43),
   ('945603','1245',78),
   ('945604','1245',83),
   ('945605','1245',73),
   ('948201','1245',97),
   ('948205','1245',97),
   ('948209','1245',82),
   ('894501','1287',53),
   ('905301','1287',65),
   ('905302','1287',83),
   ('905603','1287',44),
   ('913901','1287',90),
   ('913902','1287',58),
   ('913903','1287',73),
   ('913904','1287',91),
   ('913908','1287',98),
   ('914502','1287',86),
   ('914503','1287',68),
   ('914504','1287',59),
   ('915301','1287',81),
   ('915303','1287',86),
   ('918201','1287',64),
   ('918202','1287',82),
   ('918203','1287',92),
   ('918204','1287',66),
   ('918205','1287',96),
   ('923901','1287',61),
   ('923902','1287',93),
   ('923903','1287',62),
   ('923904','1287',87),
   ('924501','1287',45),
   ('924502','1287',63),
   ('924503','1287',83),
   ('924505','1287',76),
   ('925301','1287',81),
   ('925302','1287',42),
   ('925305','1287',65),
   ('925306','1287',89),
   ('925309','1287',83),
   ('925601','1287',63),
   ('925602','1287',63),
   ('925603','1287',46),
   ('925604','1287',64),
   ('928201','1287',61),
   ('928202','1287',68),
   ('928203','1287',97),
   ('933903','1287',49),
   ('933904','1287',82),
   ('934501','1287',99),
   ('934502','1287',77),
   ('934503','1287',63),
   ('934504','1287',89),
   ('935301','1287',48),
   ('935303','1287',50),
   ('935304','1287',87),
   ('935601','1287',76),
   ('935602','1287',66),
   ('935604','1287',77),
   ('935605','1287',63),
   ('938201','1287',96),
   ('938202','1287',75),
   ('938204','1287',74),
   ('938205','1287',66),
   ('943901','1287',70),
   ('943902','1287',84),
   ('943903','1287',70),
   ('943905','1287',69),
   ('944501','1287',78),
   ('944503','1287',76),
   ('944511','1287',82),
   ('944512','1287',41),
   ('945302','1287',45),
   ('945303','1287',86),
   ('945314','1287',61),
   ('945602','1287',84),
   ('945603','1287',86),
   ('945604','1287',46),
   ('945605','1287',43),
   ('948201','1287',92),
   ('948202','1287',99),
   ('925305','1290',83),
   ('925306','1290',49),
   ('925309','1290',76),
   ('925601','1290',73),
   ('925602','1290',54),
   ('925603','1290',95),
   ('925604','1290',51),
   ('928201','1290',85),
   ('928202','1290',88),
   ('928203','1290',96),
   ('928204','1290',51),
   ('933901','1290',88),
   ('933902','1290',56),
   ('933903','1290',90),
   ('933904','1290',78),
   ('934501','1290',98),
   ('934502','1290',73),
   ('934503','1290',68),
   ('934504','1290',65),
   ('935301','1290',48),
   ('935303','1290',52),
   ('935304','1290',85),
   ('935601','1290',93),
   ('935602','1290',88),
   ('935604','1290',70),
   ('935605','1290',47),
   ('938201','1290',65),
   ('938202','1290',93),
   ('938204','1290',55),
   ('938205','1290',92),
   ('943901','1290',92),
   ('943902','1290',81),
   ('943903','1290',76),
   ('945602','1290',82),
   ('945603','1290',71),
   ('945604','1290',80),
   ('945605','1290',46),
   ('948201','1290',63),
   ('948202','1290',60),
   ('948203','1290',85),
   ('948204','1290',93),
   ('948205','1290',76),
   ('948209','1290',49),
   ('894501','1711',68),
   ('905301','1711',90),
   ('905302','1711',75),
   ('905603','1711',53),
   ('913901','1711',57),
   ('913902','1711',41),
   ('913903','1711',66),
   ('913904','1711',70),
   ('913908','1711',87),
   ('914502','1711',42),
   ('918203','1711',80),
   ('918204','1711',92),
   ('918205','1711',91),
   ('923901','1711',55),
   ('923902','1711',48),
   ('923903','1711',56),
   ('923904','1711',40),
   ('924501','1711',41),
   ('924502','1711',42),
   ('924503','1711',83),
   ('924505','1711',82),
   ('925301','1711',66),
   ('925302','1711',94),
   ('925305','1711',93),
   ('925306','1711',74),
   ('925309','1711',67),
   ('925601','1711',86),
   ('925602','1711',91),
   ('925603','1711',40),
   ('925604','1711',96),
   ('928201','1711',51),
   ('928202','1711',88),
   ('928203','1711',96),
   ('928204','1711',86),
   ('933901','1711',92),
   ('933902','1711',68),
   ('933903','1711',54),
   ('933904','1711',47),
   ('934501','1711',52),
   ('934502','1711',97),
   ('934503','1711',40),
   ('934504','1711',55),
   ('935301','1711',41),
   ('935303','1711',59),
   ('935304','1711',45),
   ('935601','1711',83),
   ('935602','1711',68),
   ('935604','1711',57),
   ('935605','1711',42),
   ('938201','1711',68),
   ('938202','1711',53),
   ('913904','1712',60),
   ('913908','1712',69),
   ('914502','1712',56),
   ('914503','1712',68),
   ('914504','1712',91),
   ('915301','1712',75),
   ('915303','1712',77),
   ('915304','1712',44),
   ('915305','1712',56),
   ('915601','1712',58),
   ('915602','1712',43),
   ('915604','1712',92),
   ('915605','1712',46),
   ('918201','1712',94),
   ('918202','1712',87),
   ('918203','1712',62),
   ('918204','1712',64),
   ('918205','1712',67),
   ('923901','1712',42),
   ('923902','1712',81),
   ('923903','1712',57),
   ('923904','1712',58),
   ('924501','1712',71),
   ('924502','1712',56),
   ('924503','1712',56),
   ('924505','1712',78),
   ('925301','1712',82),
   ('925302','1712',67),
   ('925305','1712',78),
   ('925306','1712',74),
   ('925309','1712',90),
   ('925601','1712',72),
   ('925602','1712',57),
   ('925603','1712',60),
   ('925604','1712',64),
   ('928201','1712',71),
   ('928202','1712',83),
   ('928203','1712',71),
   ('928204','1712',76),
   ('933901','1712',77),
   ('933902','1712',63),
   ('933903','1712',65),
   ('933904','1712',52),
   ('934501','1712',59),
   ('934502','1712',94),
   ('943902','1712',69),
   ('943903','1712',48),
   ('943905','1712',67),
   ('944501','1712',76),
   ('944503','1712',73),
   ('944511','1712',78),
   ('944512','1712',66),
   ('945302','1712',63),
   ('945303','1712',89),
   ('945314','1712',64),
   ('945601','1712',63),
   ('945602','1712',98),
   ('945603','1712',87),
   ('945604','1712',92),
   ('945605','1712',54),
   ('948201','1712',100), 
   ('948202','1712',51),
   ('948203','1712',61),
   ('948204','1712',96),
   ('948205','1712',83),
   ('948209','1712',70),
   ('894501','1733',89),
   ('905301','1733',85),
   ('905302','1733',93),
   ('905603','1733',72),
   ('913902','1733',45),
   ('913903','1733',48),
   ('913904','1733',64),
   ('913908','1733',58),
   ('914502','1733',59),
   ('914503','1733',40),
   ('914504','1733',92),
   ('915301','1733',97),
   ('915303','1733',52),
   ('915304','1733',50),
   ('915305','1733',41),
   ('918203','1733',54),
   ('918204','1733',46),
   ('918205','1733',66),
   ('923901','1733',43),
   ('923902','1733',77),
   ('923903','1733',55),
   ('923904','1733',62),
   ('924501','1733',98),
   ('924502','1733',45),
   ('924503','1733',96),
   ('924505','1733',82),
   ('925301','1733',88),
   ('925302','1733',41),
   ('925305','1733',48),
   ('925306','1733',71),
   ('925309','1733',84),
   ('925601','1733',97),
   ('925602','1733',96),
   ('925603','1733',85),
   ('925604','1733',64),
   ('933902','1733',83),
   ('933903','1733',89),
   ('933904','1733',47),
   ('934501','1733',69),
   ('934502','1733',86),
   ('934503','1733',59),
   ('934504','1733',97),
   ('935301','1733',76),
   ('935303','1733',55),
   ('935304','1733',87),
   ('935601','1733',70),
   ('935602','1733',87),
   ('935604','1733',62),
   ('935605','1733',42),
   ('938201','1733',53),
   ('938202','1733',59),
   ('938204','1733',40),
   ('938205','1733',46),
   ('943901','1733',42),
   ('943905','1733',96),
   ('944501','1733',47),
   ('944503','1733',97),
   ('945302','1733',88),
   ('945303','1733',80),
   ('945314','1733',40),
   ('945601','1733',72),
   ('945602','1733',43),
   ('945603','1733',89),
   ('945604','1733',55),
   ('945605','1733',50),
   ('948201','1733',46),
   ('948202','1733',41),
   ('948203','1733',82),
   ('948204','1733',95),
   ('948205','1733',81),
   ('948209','1733',51),
   ('894501','1782',70),
   ('905301','1782',58),
   ('905302','1782',88),
   ('905603','1782',70),
   ('913901','1782',74),
   ('913902','1782',97),
   ('913903','1782',56),
   ('913904','1782',96),
   ('913908','1782',91),
   ('914502','1782',65),
   ('914503','1782',80),
   ('915304','1782',86),
   ('915305','1782',59),
   ('915601','1782',88),
   ('915602','1782',95),
   ('915604','1782',49),
   ('915605','1782',87),
   ('918203','1782',65),
   ('918204','1782',70),
   ('918205','1782',97),
   ('923901','1782',76),
   ('923902','1782',87),
   ('923903','1782',44),
   ('923904','1782',97),
   ('924501','1782',94),
   ('924502','1782',70),
   ('924503','1782',70),
   ('924505','1782',64),
   ('925301','1782',89),
   ('925302','1782',70),
   ('925601','1782',94),
   ('925602','1782',67),
   ('925603','1782',64),
   ('925604','1782',68),
   ('928201','1782',71),
   ('928202','1782',71),
   ('928203','1782',88),
   ('928204','1782',89),
   ('933901','1782',48),
   ('933902','1782',43),
   ('933903','1782',45),
   ('933904','1782',55),
   ('934501','1782',87),
   ('934502','1782',73),
   ('934503','1782',95),
   ('934504','1782',47),
   ('935301','1782',81),
   ('935303','1782',67),
   ('935304','1782',94),
   ('935601','1782',75),
   ('935602','1782',74),
   ('938202','1782',66),
   ('938204','1782',56),
   ('938205','1782',55),
   ('943901','1782',50),
   ('943902','1782',93),
   ('943903','1782',64),
   ('943905','1782',80),
   ('944501','1782',80),
   ('944503','1782',86),
   ('944511','1782',52),
   ('944512','1782',64),
   ('945302','1782',80),
   ('945303','1782',57),
   ('945314','1782',80),
   ('945601','1782',89),
   ('945602','1782',73),
   ('945603','1782',73),
   ('945604','1782',43),
   ('945605','1782',92),
   ('948201','1782',75),
   ('948202','1782',77),
   ('948203','1782',92),
   ('948204','1782',41),
   ('894501','2111',58),
   ('913901','2111',84),
   ('913902','2111',50),
   ('913903','2111',60),
   ('913904','2111',83),
   ('913908','2111',79),
   ('914502','2111',78),
   ('914503','2111',63),
   ('914504','2111',94),
   ('915301','2111',68),
   ('915303','2111',69),
   ('915304','2111',94),
   ('915305','2111',56),
   ('915601','2111',69),
   ('918201','2111',84),
   ('918202','2111',80),
   ('918203','2111',54),
   ('918204','2111',70),
   ('918205','2111',86),
   ('923901','2111',50),
   ('923902','2111',51),
   ('923903','2111',62),
   ('923904','2111',92),
   ('924501','2111',97),
   ('924502','2111',64),
   ('924503','2111',74),
   ('924505','2111',79),
   ('925301','2111',54),
   ('925302','2111',66),
   ('925601','2111',68),
   ('925602','2111',91),
   ('925603','2111',42),
   ('925604','2111',43),
   ('928201','2111',52),
   ('928202','2111',47),
   ('928203','2111',58),
   ('933904','2111',80),
   ('934501','2111',90),
   ('934502','2111',75),
   ('934503','2111',81),
   ('934504','2111',65),
   ('935301','2111',67),
   ('935303','2111',44),
   ('935304','2111',75),
   ('935601','2111',55),
   ('935602','2111',95),
   ('935604','2111',76),
   ('935605','2111',47),
   ('938201','2111',84),
   ('938202','2111',56),
   ('938204','2111',58),
   ('938205','2111',92),
   ('943901','2111',89),
   ('943902','2111',42),
   ('943903','2111',57),
   ('943905','2111',68),
   ('944501','2111',62),
   ('944512','2111',98),
   ('945302','2111',56),
   ('945303','2111',61),
   ('945314','2111',41),
   ('945601','2111',46),
   ('945602','2111',43),
   ('945603','2111',42),
   ('945604','2111',73),
   ('945605','2111',89),
   ('948201','2111',41),
   ('948202','2111',97),
   ('948203','2111',73),
   ('948204','2111',62),
   ('948205','2111',91),
   ('948209','2111',78),
   ('894501','2112',54),
   ('905301','2112',69),
   ('905302','2112',61),
   ('905603','2112',84),
   ('913904','2112',50),
   ('913908','2112',94),
   ('914502','2112',92),
   ('914503','2112',54),
   ('914504','2112',65),
   ('915301','2112',86),
   ('915303','2112',89),
   ('915304','2112',96),
   ('915305','2112',43),
   ('915601','2112',85),
   ('915602','2112',96),
   ('915604','2112',51),
   ('915605','2112',76),
   ('918201','2112',87),
   ('918202','2112',68),
   ('918203','2112',69),
   ('918204','2112',77),
   ('918205','2112',64),
   ('923901','2112',56),
   ('923902','2112',92),
   ('923903','2112',50),
   ('923904','2112',69),
   ('924501','2112',75),
   ('924502','2112',95),
   ('924503','2112',72),
   ('924505','2112',61),
   ('925301','2112',50),
   ('925302','2112',86),
   ('925309','2112',47),
   ('925601','2112',57),
   ('925602','2112',65),
   ('925603','2112',90),
   ('925604','2112',70),
   ('928201','2112',85),
   ('928202','2112',87),
   ('928203','2112',95),
   ('928204','2112',99),
   ('933901','2112',45),
   ('933902','2112',58),
   ('933903','2112',85),
   ('933904','2112',52),
   ('934501','2112',74),
   ('934502','2112',60),
   ('934503','2112',91),
   ('935304','2112',85),
   ('935601','2112',53),
   ('935602','2112',94),
   ('935604','2112',66),
   ('935605','2112',58),
   ('938201','2112',80),
   ('938202','2112',82),
   ('943902','2112',78),
   ('943903','2112',98),
   ('943905','2112',96),
   ('944501','2112',53),
   ('944503','2112',68),
   ('944511','2112',76),
   ('944512','2112',66),
   ('945302','2112',96),
   ('945303','2112',64),
   ('945314','2112',82),
   ('945601','2112',67),
   ('945602','2112',74),
   ('945603','2112',95),
   ('945604','2112',49),
   ('945605','2112',68),
   ('948201','2112',66),
   ('948202','2112',70),
   ('948203','2112',60),
   ('948204','2112',95),
   ('948205','2112',50),
   ('948209','2112',50),
   ('905302','2115',80),
   ('905603','2115',79),
   ('913901','2115',70),
   ('913902','2115',87),
   ('913903','2115',99),
   ('913904','2115',80),
   ('913908','2115',92),
   ('914502','2115',70),
   ('914503','2115',63),
   ('914504','2115',86),
   ('915301','2115',90),
   ('915303','2115',51),
   ('915304','2115',73),
   ('915305','2115',94),
   ('915601','2115',52),
   ('915602','2115',48),
   ('915604','2115',97),
   ('915605','2115',42),
   ('918201','2115',58),
   ('923901','2115',79),
   ('923902','2115',63),
   ('923903','2115',85),
   ('923904','2115',54),
   ('924501','2115',89),
   ('924502','2115',92),
   ('924503','2115',60),
   ('924505','2115',65),
   ('925301','2115',80),
   ('925302','2115',57),
   ('925305','2115',69),
   ('925306','2115',82),
   ('925309','2115',51),
   ('925601','2115',49),
   ('925602','2115',68),
   ('925603','2115',96),
   ('925604','2115',59),
   ('928201','2115',49),
   ('928202','2115',72),
   ('928203','2115',78),
   ('928204','2115',47),
   ('933901','2115',89),
   ('933902','2115',61),
   ('933903','2115',76),
   ('933904','2115',63),
   ('934501','2115',71),
   ('934502','2115',77),
   ('934503','2115',90),
   ('934504','2115',61),
   ('935301','2115',97),
   ('935303','2115',58),
   ('935304','2115',42),
   ('935601','2115',43),
   ('935602','2115',64),
   ('935604','2115',84),
   ('935605','2115',76),
   ('938205','2115',49),
   ('943901','2115',80),
   ('943902','2115',54),
   ('943903','2115',72),
   ('943905','2115',63),
   ('944501','2115',82),
   ('944503','2115',62),
   ('944511','2115',48),
   ('944512','2115',67),
   ('945302','2115',36),
   ('945303','2115',73),
   ('945314','2115',96),
   ('945601','2115',42),
   ('945602','2115',40),
   ('945603','2115',48),
   ('945604','2115',88),
   ('945605','2115',43),
   ('948201','2115',94),
   ('948202','2115',63),
   ('948203','2115',34),
   ('948204','2115',50),
   ('948205','2115',90),
   ('948209','2115',78),
   ('894501','2119',67),
   ('905301','2119',82),
   ('905302','2119',81),
   ('905603','2119',53),
   ('913901','2119',58),
   ('913902','2119',43),
   ('913903','2119',49),
   ('913904','2119',85),
   ('913908','2119',46),
   ('914502','2119',99),
   ('915601','2119',42),
   ('915602','2119',70),
   ('915604','2119',45),
   ('915605','2119',73),
   ('918201','2119',92),
   ('918202','2119',61),
   ('918203','2119',46),
   ('918204','2119',46),
   ('918205','2119',45),
   ('923901','2119',97),
   ('923902','2119',87),
   ('923903','2119',88),
   ('923904','2119',86),
   ('924501','2119',81),
   ('924502','2119',79),
   ('924503','2119',85),
   ('924505','2119',92),
   ('925301','2119',62),
   ('925302','2119',67),
   ('925305','2119',90),
   ('925306','2119',65),
   ('925309','2119',91),
   ('925601','2119',47),
   ('928201','2119',78),
   ('928202','2119',97),
   ('928203','2119',91),
   ('928204','2119',51),
   ('933901','2119',77),
   ('933902','2119',91),
   ('933903','2119',72),
   ('933904','2119',99),
   ('934501','2119',96),
   ('934502','2119',96),
   ('934503','2119',71),
   ('934504','2119',95),
   ('935301','2119',84),
   ('935601','2119',69),
   ('935602','2119',41),
   ('935604','2119',44),
   ('935605','2119',84),
   ('938201','2119',88),
   ('938202','2119',70),
   ('938204','2119',97),
   ('938205','2119',61),
   ('943901','2119',90),
   ('943902','2119',94),
   ('943903','2119',67),
   ('943905','2119',80),
   ('944501','2119',58),
   ('944503','2119',82),
   ('944511','2119',68),
   ('944512','2119',99),
   ('945302','2119',82),
   ('945303','2119',71),
   ('945314','2119',83),
   ('945601','2119',72),
   ('945602','2119',82),
   ('945603','2119',97),
   ('948204','2119',76),
   ('948205','2119',63),
   ('948209','2119',57),
   ('894501','2312',72),
   ('905301','2312',90),
   ('905302','2312',68),
   ('905603','2312',94),
   ('913901','2312',49),
   ('913902','2312',79),
   ('914502','2312',60),
   ('914503','2312',72),
   ('914504','2312',64),
   ('915301','2312',71),
   ('915303','2312',68),
   ('915304','2312',59),
   ('915305','2312',59),
   ('915601','2312',72),
   ('915602','2312',81),
   ('915604','2312',67),
   ('915605','2312',78),
   ('918201','2312',42),
   ('918202','2312',78),
   ('923901','2312',52),
   ('923902','2312',84),
   ('923903','2312',61),
   ('923904','2312',60),
   ('924501','2312',51),
   ('924502','2312',87),
   ('924503','2312',69),
   ('924505','2312',51),
   ('925301','2312',58),
   ('925302','2312',89),
   ('925305','2312',76),
   ('925306','2312',59),
   ('925309','2312',94),
   ('925601','2312',93),
   ('925602','2312',55),
   ('925603','2312',59),
   ('925604','2312',54),
   ('928204','2312',41),
   ('933901','2312',56),
   ('934501','2312',62),
   ('934502','2312',59),
   ('934503','2312',54),
   ('934504','2312',44),
   ('935301','2312',67),
   ('935303','2312',47),
   ('935304','2312',42),
   ('935601','2312',52),
   ('935602','2312',55),
   ('935604','2312',69),
   ('935605','2312',90),
   ('938201','2312',64),
   ('938202','2312',80),
   ('938204','2312',98),
   ('938205','2312',78),
   ('943901','2312',61),
   ('943902','2312',40),
   ('943903','2312',90),
   ('943905','2312',63),
   ('944501','2312',51),
   ('944503','2312',74),
   ('944511','2312',91),
   ('945314','2312',42),
   ('945601','2312',79),
   ('945602','2312',97),
   ('945603','2312',59),
   ('945604','2312',53),
   ('945605','2312',62),
   ('948201','2312',46),
   ('948202','2312',80),
   ('948203','2312',74),
   ('948204','2312',55),
   ('948205','2312',54),
   ('948209','2312',76),
   ('894501','2313',53),
   ('905301','2313',70),
   ('905302','2313',44),
   ('913902','2313',58),
   ('913903','2313',72),
   ('913904','2313',53),
   ('913908','2313',97),
   ('914502','2313',75),
   ('915301','2313',62),
   ('915303','2313',52),
   ('915304','2313',90),
   ('915305','2313',40),
   ('915601','2313',73),
   ('915602','2313',72),
   ('915604','2313',54),
   ('915605','2313',61),
   ('918201','2313',93),
   ('918202','2313',41),
   ('918203','2313',86),
   ('918204','2313',60),
   ('923903','2313',43),
   ('923904','2313',45),
   ('924501','2313',78),
   ('924502','2313',56),
   ('924503','2313',51),
   ('924505','2313',48),
   ('925306','2313',80),
   ('925309','2313',83),
   ('925601','2313',87),
   ('925602','2313',89),
   ('925603','2313',71),
   ('925604','2313',57),
   ('928201','2313',95),
   ('928202','2313',65),
   ('928203','2313',90),
   ('928204','2313',87),
   ('933901','2313',59),
   ('933902','2313',86),
   ('933903','2313',94),
   ('933904','2313',60),
   ('934503','2313',56),
   ('934504','2313',40),
   ('935301','2313',97),
   ('938205','2313',40),
   ('943901','2313',40),
   ('943902','2313',42),
   ('943903','2313',43),
   ('943905','2313',95),
   ('944501','2313',76),
   ('944503','2313',89),
   ('944511','2313',43),
   ('944512','2313',89),
   ('945302','2313',49),
   ('945303','2313',86),
   ('945314','2313',83),
   ('945601','2313',88),
   ('945604','2313',58),
   ('945605','2313',77),
   ('948201','2313',95),
   ('948202','2313',70),
   ('948203','2313',60),
   ('948204','2313',78),
   ('948205','2313',53),
   ('948209','2313',88),
   ('905302','2322',53),
   ('905603','2322',51),
   ('913904','2322',94),
   ('913908','2322',71),
   ('914502','2322',57),
   ('914503','2322',97),
   ('914504','2322',67),
   ('915301','2322',86),
   ('915303','2322',63),
   ('915304','2322',47),
   ('915305','2322',89),
   ('915601','2322',82),
   ('915605','2322',49),
   ('918201','2322',43),
   ('918202','2322',45),
   ('918205','2322',64),
   ('923901','2322',94),
   ('923902','2322',78),
   ('923903','2322',73),
   ('923904','2322',74),
   ('924501','2322',41),
   ('924502','2322',51),
   ('924503','2322',40),
   ('924505','2322',64),
   ('925301','2322',53),
   ('925302','2322',53),
   ('925305','2322',79),
   ('925306','2322',67),
   ('925309','2322',86),
   ('925601','2322',82),
   ('925602','2322',74),
   ('925603','2322',45),
   ('925604','2322',46),
   ('928201','2322',53),
   ('933901','2322',95),
   ('933902','2322',40),
   ('933903','2322',46),
   ('933904','2322',82),
   ('934501','2322',79),
   ('934502','2322',63),
   ('934503','2322',83),
   ('934504','2322',56),
   ('935301','2322',83),
   ('935303','2322',59),
   ('935304','2322',58),
   ('935601','2322',91),
   ('935602','2322',84),
   ('935604','2322',49),
   ('935605','2322',73),
   ('938201','2322',61),
   ('938205','2322',70),
   ('943901','2322',50),
   ('943902','2322',46),
   ('943903','2322',53),
   ('943905','2322',49),
   ('944501','2322',90),
   ('945303','2322',78),
   ('945314','2322',54),
   ('945601','2322',57),
   ('945602','2322',98),
   ('945603','2322',95),
   ('945604','2322',70),
   ('948201','2322',57),
   ('948202','2322',96),
   ('948203','2322',56),
   ('948204','2322',57),
   ('948205','2322',93),
   ('948209','2322',60),
   ('913903','2329',76),
   ('913904','2329',68),
   ('913908','2329',76),
   ('914502','2329',56),
   ('914503','2329',59),
   ('914504','2329',82),
   ('915301','2329',60),
   ('915303','2329',42),
   ('915304','2329',58),
   ('915305','2329',88),
   ('915601','2329',80),
   ('915602','2329',81),
   ('915604','2329',57),
   ('915605','2329',77),
   ('918201','2329',99),
   ('918202','2329',53),
   ('918203','2329',78),
   ('923902','2329',81),
   ('923903','2329',66),
   ('923904','2329',90),
   ('924501','2329',54),
   ('924502','2329',53),
   ('924503','2329',76),
   ('924505','2329',75),
   ('925301','2329',47),
   ('925302','2329',94),
   ('925305','2329',53),
   ('925306','2329',56),
   ('925309','2329',66),
   ('925601','2329',91),
   ('925602','2329',64),
   ('925603','2329',90),
   ('925604','2329',59),
   ('928204','2329',55),
   ('933901','2329',83),
   ('933902','2329',50),
   ('933903','2329',57),
   ('933904','2329',74),
   ('934501','2329',73),
   ('934502','2329',55),
   ('934503','2329',70),
   ('934504','2329',71),
   ('935301','2329',49),
   ('935303','2329',75),
   ('935304','2329',52),
   ('935601','2329',78),
   ('935602','2329',54),
   ('935604','2329',89),
   ('935605','2329',61),
   ('938201','2329',90),
   ('938202','2329',44),
   ('938204','2329',51),
   ('943903','2329',77),
   ('943905','2329',68),
   ('944501','2329',49),
   ('944503','2329',52),
   ('944511','2329',70),
   ('944512','2329',40),
   ('945302','2329',77),
   ('945303','2329',51),
   ('945605','2329',82),
   ('948201','2329',54),
   ('948202','2329',81),
   ('948203','2329',60),
   ('948204','2329',85),
   ('948205','2329',62),
   ('948209','2329',50),
   ('894501','2357',87),
   ('905301','2357',85),
   ('913901','2357',77),
   ('913902','2357',56),
   ('913903','2357',95),
   ('913904','2357',74),
   ('913908','2357',52),
   ('914502','2357',72),
   ('914503','2357',54),
   ('914504','2357',51),
   ('915301','2357',87),
   ('915303','2357',64),
   ('915304','2357',95),
   ('915305','2357',80),
   ('915601','2357',57),
   ('915602','2357',51),
   ('915604','2357',84),
   ('915605','2357',74),
   ('918201','2357',99),
   ('923903','2357',49),
   ('923904','2357',46),
   ('924501','2357',52),
   ('924502','2357',54),
   ('924503','2357',98),
   ('924505','2357',48),
   ('925301','2357',62),
   ('925302','2357',96),
   ('925305','2357',54),
   ('925306','2357',84),
   ('925309','2357',43),
   ('925601','2357',87),
   ('925602','2357',82),
   ('925603','2357',72),
   ('925604','2357',91),
   ('928201','2357',62),
   ('928202','2357',45),
   ('933902','2357',67),
   ('933903','2357',93),
   ('933904','2357',98),
   ('934501','2357',55),
   ('934502','2357',58),
   ('934503','2357',78),
   ('934504','2357',70),
   ('935301','2357',95),
   ('935303','2357',81),
   ('935304','2357',77),
   ('935601','2357',43),
   ('935602','2357',51),
   ('938201','2357',48),
   ('938202','2357',72),
   ('938204','2357',60),
   ('938205','2357',94),
   ('943901','2357',50),
   ('943902','2357',65),
   ('943903','2357',71),
   ('943905','2357',67),
   ('944501','2357',82),
   ('944503','2357',62),
   ('944511','2357',89),
   ('944512','2357',43),
   ('945302','2357',46),
   ('945303','2357',79),
   ('945314','2357',92),
   ('945601','2357',49),
   ('945602','2357',87),
   ('945603','2357',52),
   ('945604','2357',87),
   ('948209','2357',79),
   ('894501','2358',84),
   ('905301','2358',65),
   ('905302','2358',47),
   ('905603','2358',98),
   ('913901','2358',53),
   ('913902','2358',51),
   ('913903','2358',59),
   ('913904','2358',43),
   ('913908','2358',67),
   ('914502','2358',42),
   ('914503','2358',86),
   ('914504','2358',76),
   ('915301','2358',60),
   ('915303','2358',99),
   ('915304','2358',42),
   ('915305','2358',57),
   ('915601','2358',96),
   ('915602','2358',43),
   ('915604','2358',93),
   ('915605','2358',50),
   ('918205','2358',67),
   ('923901','2358',53),
   ('923902','2358',78),
   ('923903','2358',68),
   ('923904','2358',51),
   ('924501','2358',57),
   ('924502','2358',52),
   ('924503','2358',45),
   ('924505','2358',59),
   ('925301','2358',57),
   ('925302','2358',62),
   ('925305','2358',84),
   ('925306','2358',78),
   ('925309','2358',41),
   ('925601','2358',65),
   ('928202','2358',51),
   ('928203','2358',48),
   ('928204','2358',89),
   ('933901','2358',69),
   ('933902','2358',83),
   ('933903','2358',93),
   ('933904','2358',43),
   ('934501','2358',77),
   ('934502','2358',71),
   ('934503','2358',41),
   ('934504','2358',55),
   ('935301','2358',48),
   ('935303','2358',51),
   ('935304','2358',78),
   ('935605','2358',68),
   ('938201','2358',71),
   ('938202','2358',47),
   ('938204','2358',86),
   ('938205','2358',59),
   ('943901','2358',49),
   ('944511','2358',40),
   ('944512','2358',95),
   ('945302','2358',48),
   ('945303','2358',61),
   ('945314','2358',94),
   ('945601','2358',47),
   ('945602','2358',75),
   ('945603','2358',52),
   ('945604','2358',60),
   ('945605','2358',56),
   ('948201','2358',55),
   ('948202','2358',99),
   ('948203','2358',51),
   ('948204','2358',72),
   ('948205','2358',60),
   ('948209','2358',56),
   ('894501','2363',97),
   ('905301','2363',43),
   ('905302','2363',88),
   ('905603','2363',48),
   ('913901','2363',46),
   ('913902','2363',72),
   ('913903','2363',72),
   ('913904','2363',42),
   ('915301','2363',47),
   ('915303','2363',56),
   ('915304','2363',41),
   ('915305','2363',83),
   ('915601','2363',88),
   ('915602','2363',51),
   ('915604','2363',99),
   ('915605','2363',65),
   ('918201','2363',48),
   ('918202','2363',90),
   ('918203','2363',60),
   ('918204','2363',71),
   ('918205','2363',93),
   ('923901','2363',40),
   ('923902','2363',65),
   ('924501','2363',90),
   ('925305','2363',45),
   ('925306','2363',71),
   ('925309','2363',99),
   ('925601','2363',75),
   ('925602','2363',64),
   ('925603','2363',95),
   ('925604','2363',84),
   ('928201','2363',71),
   ('928202','2363',41),
   ('928203','2363',63),
   ('928204','2363',77),
   ('933901','2363',95),
   ('933902','2363',48),
   ('933903','2363',67),
   ('933904','2363',54),
   ('934501','2363',64),
   ('934502','2363',59),
   ('934503','2363',62),
   ('934504','2363',80),
   ('935301','2363',86),
   ('935303','2363',91),
   ('935304','2363',43),
   ('935601','2363',53),
   ('935602','2363',83),
   ('935604','2363',46),
   ('935605','2363',22),
   ('938201','2363',95),
   ('938202','2363',85),
   ('938204','2363',86),
   ('938205','2363',97),
   ('943901','2363',14),
   ('943902','2363',54),
   ('943903','2363',78),
   ('943905','2363',55),
   ('944501','2363',76),
   ('944503','2363',48),
   ('944511','2363',83),
   ('944512','2363',95),
   ('945302','2363',69),
   ('945303','2363',66),
   ('945314','2363',71),
   ('945601','2363',67),
   ('945602','2363',55),
   ('945603','2363',78),
   ('945604','2363',60),
   ('945605','2363',54),
   ('948201','2363',88),
   ('948202','2363',94),
   ('948203','2363',62),
   ('948204','2363',70),
   ('948205','2363',49),
   ('948209','2363',74),
   ('894501','2365',65),
   ('905301','2365',50),
   ('905302','2365',51),
   ('905603','2365',51),
   ('913901','2365',93),
   ('913902','2365',94),
   ('913903','2365',60),
   ('913904','2365',50),
   ('913908','2365',92),
   ('914502','2365',88),
   ('914503','2365',85),
   ('914504','2365',80),
   ('915301','2365',78),
   ('915303','2365',53),
   ('918203','2365',65),
   ('918204','2365',51),
   ('918205','2365',57),
   ('923901','2365',41),
   ('923902','2365',77),
   ('923903','2365',68),
   ('923904','2365',92),
   ('924501','2365',44),
   ('924502','2365',59),
   ('924503','2365',51),
   ('925603','2365',83),
   ('925604','2365',54),
   ('928201','2365',46),
   ('928202','2365',49),
   ('928203','2365',80),
   ('928204','2365',58),
   ('933901','2365',70),
   ('933902','2365',82),
   ('933903','2365',97),
   ('933904','2365',78),
   ('934501','2365',84),
   ('934502','2365',51),
   ('934503','2365',65),
   ('934504','2365',74),
   ('935301','2365',85),
   ('935303','2365',82),
   ('935304','2365',51),
   ('935601','2365',87),
   ('935602','2365',79),
   ('935604','2365',85),
   ('935605','2365',98),
   ('938201','2365',80),
   ('938202','2365',61),
   ('938204','2365',99),
   ('938205','2365',42),
   ('943901','2365',50),
   ('943902','2365',51),
   ('943903','2365',86),
   ('943905','2365',50),
   ('944501','2365',61),
   ('944503','2365',67),
   ('944511','2365',45),
   ('944512','2365',97),
   ('945302','2365',96),
   ('945303','2365',98),
   ('945314','2365',69),
   ('945601','2365',53),
   ('945602','2365',94),
   ('945603','2365',93),
   ('945604','2365',54),
   ('945605','2365',80),
   ('948201','2365',60),
   ('948202','2365',80),
   ('905603','2366',57),
   ('913901','2366',46),
   ('913902','2366',77),
   ('913903','2366',79),
   ('913904','2366',75),
   ('913908','2366',85),
   ('914502','2366',64),
   ('914503','2366',57),
   ('914504','2366',95),
   ('915301','2366',90),
   ('915303','2366',79),
   ('915304','2366',96),
   ('915305','2366',87),
   ('915601','2366',95),
   ('915602','2366',74),
   ('915604','2366',82),
   ('915605','2366',80),
   ('918201','2366',78),
   ('918202','2366',68),
   ('918203','2366',78),
   ('918204','2366',96),
   ('918205','2366',91),
   ('923901','2366',48),
   ('923902','2366',59),
   ('924503','2366',58),
   ('924505','2366',44),
   ('925301','2366',54),
   ('925302','2366',68),
   ('925305','2366',93),
   ('925306','2366',86),
   ('925309','2366',40),
   ('925601','2366',42),
   ('925602','2366',90),
   ('925603','2366',62),
   ('925604','2366',53),
   ('928201','2366',93),
   ('928202','2366',59),
   ('928203','2366',92),
   ('928204','2366',91),
   ('933901','2366',80),
   ('933902','2366',49),
   ('933903','2366',54),
   ('933904','2366',43),
   ('934501','2366',60),
   ('935602','2366',58),
   ('935604','2366',82),
   ('935605','2366',60),
   ('938201','2366',93),
   ('938202','2366',93),
   ('938204','2366',89),
   ('938205','2366',78),
   ('943901','2366',85),
   ('943902','2366',87),
   ('943903','2366',76),
   ('943905','2366',80),
   ('944501','2366',98),
   ('944503','2366',77),
   ('944511','2366',56),
   ('944512','2366',87),
   ('945302','2366',76),
   ('945303','2366',99),
   ('945314','2366',70),
   ('945601','2366',59),
   ('945602','2366',58),
   ('945603','2366',46),
   ('945604','2366',45),
   ('945605','2366',50),
   ('948201','2366',79),
   ('948209','2366',67),
   ('894501','2367',53),
   ('905301','2367',77),
   ('905302','2367',86),
   ('905603','2367',74),
   ('913901','2367',47),
   ('913902','2367',93),
   ('913903','2367',95),
   ('913904','2367',78),
   ('913908','2367',99),
   ('914502','2367',98),
   ('914503','2367',81),
   ('914504','2367',95),
   ('915301','2367',72),
   ('915303','2367',89),
   ('915304','2367',57),
   ('915305','2367',66),
   ('915601','2367',42),
   ('915602','2367',78),
   ('923901','2367',42),
   ('923902','2367',54),
   ('923903','2367',62),
   ('923904','2367',86),
   ('924501','2367',96),
   ('924502','2367',59),
   ('924503','2367',42),
   ('924505','2367',55),
   ('925301','2367',71),
   ('925302','2367',62),
   ('925305','2367',82),
   ('925306','2367',72),
   ('925309','2367',93),
   ('925601','2367',55),
   ('925602','2367',56),
   ('925603','2367',85),
   ('925604','2367',56),
   ('928201','2367',94),
   ('928202','2367',42),
   ('933902','2367',47),
   ('933903','2367',89),
   ('933904','2367',99),
   ('934501','2367',60),
   ('934502','2367',45),
   ('935301','2367',81),
   ('935303','2367',73),
   ('935304','2367',79),
   ('935601','2367',40),
   ('935602','2367',96),
   ('935604','2367',92),
   ('935605','2367',89),
   ('938201','2367',54),
   ('938202','2367',81),
   ('938204','2367',54),
   ('938205','2367',68),
   ('943901','2367',42),
   ('943902','2367',77),
   ('943903','2367',44),
   ('943905','2367',82),
   ('944501','2367',72),
   ('944503','2367',81),
   ('944511','2367',87),
   ('944512','2367',94),
   ('945302','2367',53),
   ('945602','2367',66),
   ('945603','2367',61),
   ('945604','2367',48),
   ('945605','2367',41),
   ('948201','2367',74),
   ('948202','2367',67),
   ('948203','2367',50),
   ('948204','2367',94),
   ('948205','2367',41),
   ('948209','2367',75),
   ('894501','2368',94),
   ('905301','2368',71),
   ('905302','2368',58),
   ('905603','2368',74),
   ('913901','2368',61),
   ('913902','2368',47),
   ('913903','2368',96),
   ('913904','2368',70),
   ('913908','2368',54),
   ('914502','2368',58),
   ('914503','2368',71),
   ('914504','2368',46),
   ('915301','2368',90),
   ('915303','2368',46),
   ('915601','2368',83),
   ('915602','2368',51),
   ('915604','2368',86),
   ('915605','2368',77),
   ('918201','2368',99),
   ('918202','2368',64),
   ('918203','2368',43),
   ('918204','2368',82),
   ('918205','2368',80),
   ('923901','2368',74),
   ('923902','2368',64),
   ('923903','2368',42),
   ('923904','2368',82),
   ('924501','2368',55),
   ('924502','2368',56),
   ('924503','2368',48),
   ('924505','2368',99),
   ('925301','2368',60),
   ('925302','2368',51),
   ('925305','2368',66),
   ('925306','2368',89),
   ('925309','2368',67),
   ('925603','2368',53),
   ('925604','2368',83),
   ('928201','2368',12),
   ('928202','2368',62),
   ('928203','2368',80),
   ('928204','2368',78),
   ('933901','2368',55),
   ('933902','2368',91),
   ('933903','2368',32),
   ('933904','2368',60),
   ('934501','2368',44),
   ('934502','2368',49),
   ('934503','2368',57),
   ('934504','2368',43),
   ('935301','2368',57),
   ('935303','2368',74),
   ('935304','2368',45),
   ('935601','2368',82),
   ('935602','2368',77),
   ('935604','2368',43),
   ('935605','2368',62),
   ('938204','2368',53),
   ('938205','2368',79),
   ('943901','2368',82),
   ('943902','2368',72),
   ('943903','2368',79),
   ('943905','2368',73),
   ('944501','2368',64),
   ('944503','2368',94),
   ('944511','2368',96),
   ('944512','2368',95),
   ('945302','2368',58),
   ('945303','2368',99),
   ('945314','2368',78),
   ('945601','2368',42),
   ('945602','2368',58),
   ('945603','2368',73),
   ('945604','2368',93),
   ('948204','2368',58),
   ('948205','2368',73),
   ('905301','2369',42),
   ('905302','2369',88),
   ('905603','2369',69),
   ('913901','2369',51),
   ('913902','2369',79),
   ('913903','2369',90),
   ('913904','2369',53),
   ('913908','2369',92),
   ('914502','2369',65),
   ('914503','2369',44),
   ('914504','2369',41),
   ('915301','2369',53),
   ('915303','2369',42),
   ('915304','2369',49),
   ('915305','2369',87),
   ('915601','2369',47),
   ('915602','2369',78),
   ('915604','2369',43),
   ('918203','2369',90),
   ('918204','2369',67),
   ('918205','2369',99),
   ('923901','2369',50),
   ('923902','2369',88),
   ('923903','2369',43),
   ('923904','2369',80),
   ('924501','2369',84),
   ('924502','2369',61),
   ('924503','2369',57),
   ('924505','2369',81),
   ('925301','2369',70),
   ('925302','2369',41),
   ('925305','2369',90),
   ('928203','2369',44),
   ('928204','2369',67),
   ('933901','2369',60),
   ('934503','2369',79),
   ('934504','2369',62),
   ('935301','2369',50),
   ('935303','2369',43),
   ('935304','2369',52),
   ('935601','2369',76),
   ('935602','2369',72),
   ('935604','2369',90),
   ('935605','2369',62),
   ('943903','2369',65),
   ('943905','2369',56),
   ('944501','2369',57),
   ('944503','2369',75),
   ('944511','2369',68),
   ('944512','2369',41),
   ('945302','2369',43),
   ('945303','2369',79),
   ('945314','2369',64),
   ('945601','2369',88),
   ('945602','2369',50),
   ('945603','2369',67),
   ('945604','2369',71),
   ('945605','2369',82),
   ('948201','2369',87),
   ('948202','2369',63),
   ('948203','2369',59),
   ('948204','2369',46),
   ('948205','2369',71),
   ('948209','2369',60),
   ('894501','2370',93),
   ('905301','2370',46),
   ('905302','2370',73),
   ('905603','2370',81),
   ('913901','2370',74),
   ('913902','2370',64),
   ('913903','2370',78),
   ('914504','2370',56),
   ('915301','2370',60),
   ('915303','2370',84),
   ('915304','2370',95),
   ('915305','2370',68),
   ('915601','2370',73),
   ('915602','2370',75),
   ('915604','2370',78),
   ('915605','2370',84),
   ('918201','2370',67),
   ('918202','2370',32),
   ('918203','2370',77),
   ('918204','2370',74),
   ('918205','2370',94),
   ('923901','2370',63),
   ('923902','2370',95),
   ('923903','2370',49),
   ('923904','2370',69),
   ('924501','2370',81),
   ('924502','2370',90),
   ('924503','2370',66),
   ('924505','2370',42),
   ('925301','2370',78),
   ('925302','2370',72),
   ('925309','2370',94),
   ('925601','2370',95),
   ('925602','2370',84),
   ('925603','2370',68),
   ('925604','2370',94),
   ('928201','2370',95),
   ('928202','2370',84),
   ('928203','2370',72),
   ('928204','2370',35),
   ('933901','2370',95),
   ('933902','2370',44),
   ('933903','2370',36),
   ('933904','2370',65),
   ('934501','2370',47),
   ('934502','2370',86),
   ('934503','2370',78),
   ('934504','2370',47),
   ('935301','2370',94),
   ('935303','2370',87),
   ('935304','2370',69),
   ('935601','2370',68),
   ('935602','2370',90),
   ('938204','2370',58),
   ('938205','2370',45),
   ('943901','2370',63),
   ('944501','2370',90),
   ('944503','2370',51),
   ('944511','2370',21),
   ('944512','2370',69),
   ('945302','2370',73),
   ('945303','2370',68),
   ('945314','2370',99),
   ('945601','2370',77),
   ('945602','2370',31),
   ('945603','2370',78),
   ('945604','2370',50),
   ('945605','2370',88),
   ('948201','2370',42),
   ('948202','2370',95),
   ('948203','2370',47),
   ('948204','2370',89),
   ('948205','2370',84),
   ('948209','2370',53),
   ('894501','2410',71),
   ('905301','2410',46),
   ('905302','2410',62),
   ('905603','2410',42),
   ('913901','2410',85),
   ('913902','2410',62),
   ('913903','2410',80),
   ('913904','2410',41),
   ('913908','2410',73),
   ('914502','2410',57),
   ('914503','2410',51),
   ('914504','2410',84),
   ('915301','2410',49),
   ('915303','2410',94),
   ('915304','2410',46),
   ('915305','2410',44),
   ('915601','2410',85),
   ('915602','2410',98),
   ('915604','2410',75),
   ('915605','2410',85),
   ('918201','2410',55),
   ('918202','2410',79),
   ('923901','2410',70),
   ('923902','2410',35),
   ('923903','2410',50),
   ('923904','2410',94),
   ('924501','2410',51),
   ('924502','2410',99),
   ('924503','2410',89),
   ('924505','2410',51),
   ('925301','2410',85),
   ('925601','2410',52),
   ('925602','2410',74),
   ('925603','2410',86),
   ('925604','2410',84),
   ('928201','2410',52),
   ('928202','2410',49),
   ('928203','2410',71),
   ('928204','2410',77),
   ('933901','2410',82),
   ('933902','2410',95),
   ('933903','2410',85),
   ('933904','2410',77),
   ('934501','2410',81),
   ('934502','2410',62),
   ('934503','2410',67),
   ('934504','2410',55),
   ('935301','2410',50),
   ('935303','2410',88),
   ('935304','2410',76),
   ('935601','2410',43),
   ('935602','2410',51),
   ('935604','2410',79),
   ('935605','2410',73),
   ('938201','2410',79),
   ('938202','2410',90),
   ('938204','2410',84),
   ('938205','2410',42),
   ('943901','2410',67),
   ('943902','2410',69),
   ('943903','2410',49),
   ('943905','2410',64),
   ('944501','2410',58),
   ('944503','2410',78),
   ('945603','2410',92),
   ('945604','2410',42),
   ('945605','2410',47),
   ('948201','2410',66),
   ('948202','2410',22),
   ('948203','2410',61),
   ('948204','2410',66)
;

CREATE TABLE scgrade (
grade VARCHAR(1),
hiscore INT,
loscore INT
);

INSERT INTO scgrade VALUES ('A',100,85);
INSERT INTO scgrade VALUES ('B',84,70);
INSERT INTO scgrade VALUES ('C',69,55);
INSERT INTO scgrade VALUES ('D',54,40);
INSERT INTO scgrade VALUES ('F',39,0);

DROP TABLE scgrade;