CREATE TABLE student (
sno VARCHAR2(8), 
sname VARCHAR2(20),
sex VARCHAR2(4),
syear NUMBER(1),
major VARCHAR2(10),
avr NUMBER(4,2),
CONSTRAINT student_sno_pk PRIMARY KEY(sno)
);

DROP TABLE STUDENT;

INSERT INTO student VALUES ('915301','정동상','남',4,'화학','0.95');
INSERT INTO student VALUES ('905301','유태지','남',4,'화학','3.28');
INSERT INTO student VALUES ('905302','정욱상','남',4,'화학','1.44');
INSERT INTO student VALUES ('915303','정욱주','남',4,'화학','0.95');
INSERT INTO student VALUES ('923903','정남윤','남',3,'생물','3.23');
INSERT INTO student VALUES ('923904','한현석','남',3,'생물','2.45');
INSERT INTO student VALUES ('933901','김용서','남',2,'생물','1.48');
INSERT INTO student VALUES ('915304','권보수','남',4,'화학','2.32');
INSERT INTO student VALUES ('915305','최정희','여',3,'화학','0.58');
INSERT INTO student VALUES ('948203','황보우리','여',1,'식영','2.83');
INSERT INTO student VALUES ('948204','서창동','남',1,'식영','3.21');
INSERT INTO student VALUES ('925306','김재백','남',2,'화학','2.78');
INSERT INTO student VALUES ('933902','김현수','남',2,'생물','2.48');
INSERT INTO student VALUES ('933903','정승동','남',2,'생물','2.99');
INSERT INTO student VALUES ('935303','김완창','남',2,'화학','0.34');
INSERT INTO student VALUES ('945302','김람석','남',1,'화학','3.56');
INSERT INTO student VALUES ('945303','남궁경아','여',1,'화학','2.36');
INSERT INTO student VALUES ('945314','이철윤','남',1,'화학','2.22');
INSERT INTO student VALUES ('913901','황수현','남',4,'생물','2.34');
INSERT INTO student VALUES ('913902','황진혜','여',4,'생물','3.15');
INSERT INTO student VALUES ('913903','정도정','남',4,'생물','0.15');
INSERT INTO student VALUES ('933904','임영현','여',2,'생물','3.98');
INSERT INTO student VALUES ('915604','정성현','남',4,'유공','3.34');
INSERT INTO student VALUES ('915605','강은혜','여',4,'유공','2.99');
INSERT INTO student VALUES ('925601','권운각','남',3,'유공','2.90');
INSERT INTO student VALUES ('943901','최혜원','여',1,'생물','2.54');
INSERT INTO student VALUES ('943902','하정자','남',1,'생물','3.25');
INSERT INTO student VALUES ('935304','최홍승','남',2,'화학','3.00');
INSERT INTO student VALUES ('925309','오우재','여',1,'화학','2.99');
INSERT INTO student VALUES ('943903','유지아','여',1,'생물','1.99');
INSERT INTO student VALUES ('943905','유태지','남',1,'생물','2.98');
INSERT INTO student VALUES ('894501','장봉철','남',4,'물리','1.25');
INSERT INTO student VALUES ('914502','문수보','남',4,'물리','3.33');
INSERT INTO student VALUES ('924501','권석복','여',3,'물리','4.00');
INSERT INTO student VALUES ('928204','장동준','남',3,'식영','2.39');
INSERT INTO student VALUES ('938201','하혜모','남',2,'식영','2.29');
INSERT INTO student VALUES ('924502','은정현','여',3,'물리','2.99');
INSERT INTO student VALUES ('924505','서찬호','남',3,'물리','3.00');
INSERT INTO student VALUES ('924503','박경동','여',3,'물리','1.79');
INSERT INTO student VALUES ('925302','이지영','여',3,'화학','1.68');
INSERT INTO student VALUES ('925301','김환','여',3,'화학','3.58');
INSERT INTO student VALUES ('925305','황현정','여',3,'화학','2.98');
INSERT INTO student VALUES ('944511','김형진','여',1,'물리','2.76');
INSERT INTO student VALUES ('944503','곽득용','남',1,'물리','3.20'); 
INSERT INTO student VALUES ('944512','서동조','남',1,'물리','1.99');
INSERT INTO student VALUES ('915601','강태용','남',4,'유공','3.90');
INSERT INTO student VALUES ('915602','임주영','여',4,'유공','2.38');
INSERT INTO student VALUES ('905603','정용정','여',4,'유공','2.89');
INSERT INTO student VALUES ('925602','강아영','여',3,'유공','3.38');
INSERT INTO student VALUES ('925603','최지현','남',3,'유공','3.89');
INSERT INTO student VALUES ('925604','김가원','남',3,'유공','2.34');
INSERT INTO student VALUES ('935601','독고현아','남',2,'유공','2.89');
INSERT INTO student VALUES ('935602','윤희주','여',2,'유공','1.33');
INSERT INTO student VALUES ('935604','권석현','여',2,'유공','2.99');
INSERT INTO student VALUES ('935605','한지우','여',2,'유공','3.33');
INSERT INTO student VALUES ('945601','심정용','남',1,'유공','3.90');
INSERT INTO student VALUES ('935301','이준혜','남',2,'화학','1.99');
INSERT INTO student VALUES ('934501','김아진','남',2,'물리','2.16');
INSERT INTO student VALUES ('934502','남궁길','남',2,'물리','1.22');
INSERT INTO student VALUES ('945602','차정혜','여',1,'유공','2.73');
INSERT INTO student VALUES ('945603','정백영','여',1,'유공','1.99');
INSERT INTO student VALUES ('945604','권현','남',1,'유공','2.89');
INSERT INTO student VALUES ('945605','오경운','남',1,'유공','2.99');
INSERT INTO student VALUES ('918201','이경철','남',4,'식영','3.50');
INSERT INTO student VALUES ('918202','김복길','여',4,'식영','2.34');
INSERT INTO student VALUES ('934503','최모각','남',2,'물리','2.33');
INSERT INTO student VALUES ('934504','갑서진','여',2,'물리','3.22');
INSERT INTO student VALUES ('944501','최현각','남',1,'물리','0.96'); 
INSERT INTO student VALUES ('918203','장운영','여',4,'식영','3.89');
INSERT INTO student VALUES ('918204','신송광','남',4,'식영','2.34');
INSERT INTO student VALUES ('918205','독고낭도','여',4,'식영','3.99');
INSERT INTO student VALUES ('928201','황용진','남',3,'식영','3.40');
INSERT INTO student VALUES ('928202','이상지','여',3,'식영','3.38');
INSERT INTO student VALUES ('928203','김혁윤','남',3,'식영','3.79');
INSERT INTO student VALUES ('938202','신섭인','여',2,'식영','3.93');
INSERT INTO student VALUES ('938204','최현','여',2,'식영','3.92');
INSERT INTO student VALUES ('938205','문원영','여',2,'식영','3.44');
INSERT INTO student VALUES ('913904','이호란','여',4,'생물','3.00');
INSERT INTO student VALUES ('923901','서윤훈','남',3,'생물','0.96');
INSERT INTO student VALUES ('923902','김호야','여',3,'생물','1.56');
INSERT INTO student VALUES ('914503','김대현','남',4,'물리','1.25');
INSERT INTO student VALUES ('914504','심빈경','남',4,'물리','3.33');
INSERT INTO student VALUES ('948201','이창지','남',1,'식영','2.90');
INSERT INTO student VALUES ('948202','김성지','여',1,'식영','3.71');
INSERT INTO student VALUES ('948205','신형일','남',1,'식영','3.23');
INSERT INTO student VALUES ('948209','유태지','남',2,'식영','3.28');
INSERT INTO student VALUES ('913908','황진혜','여',3,'생물','3.15');
commit;

CREATE TABLE professor (
pno VARCHAR2(8), 
pname VARCHAR2(20),
section VARCHAR2(10),
orders VARCHAR2(10),
hiredate DATE,
CONSTRAINT professor_pno_pk PRIMARY KEY(pno)
);

INSERT INTO professor VALUES ('1001','송강','화학','정교수',to_DATE('2002-08-12','YYYY-MM-DD'));
INSERT INTO professor VALUES ('1004','시진영','화학','부교수',to_DATE('1991-02-01','YYYY-MM-DD'));
INSERT INTO professor VALUES ('1006','장청아','화학','부교수',to_DATE('2003-05-20','YYYY-MM-DD'));
INSERT INTO professor VALUES ('1007','이초아','화학','조교수',to_DATE('2010-07-06','YYYY-MM-DD'));
INSERT INTO professor VALUES ('1008','문규식','화학','조교수',to_DATE('2005-02-11','YYYY-MM-DD'));
INSERT INTO professor VALUES ('1010','이규진','물리','정교수',to_DATE('1998-10-07','YYYY-MM-DD'));
INSERT INTO professor VALUES ('1009','이준영','물리','정교수',to_DATE('1991-10-04','YYYY-MM-DD'));
INSERT INTO professor VALUES ('1013','하영진','물리','부교수',to_DATE('1999-04-19','YYYY-MM-DD'));
INSERT INTO professor VALUES ('1012','이영준','물리','부교수',to_DATE('2000-05-18','YYYY-MM-DD'));
INSERT INTO professor VALUES ('1016','호연작','물리','조교수',to_DATE('2009-10-21','YYYY-MM-DD'));
INSERT INTO professor VALUES ('1018','김응전','물리','조교수',to_DATE('1999-02-18','YYYY-MM-DD'));
INSERT INTO professor VALUES ('1021','왕사진','생물','정교수',to_DATE('1997-02-17','YYYY-MM-DD'));
INSERT INTO professor VALUES ('1022','이준','생물','부교수',to_DATE('1989-05-05','YYYY-MM-DD'));
INSERT INTO professor VALUES ('1027','임충원','생물','조교수',to_DATE('2001-06-03','YYYY-MM-DD'));
INSERT INTO professor VALUES ('1029','주동평','생물','정교수',to_DATE('2006-01-26','YYYY-MM-DD'));
INSERT INTO professor VALUES ('1030','김동평','유공','정교수',to_DATE('2002-02-15','YYYY-MM-DD'));
INSERT INTO professor VALUES ('1017','최무송','유공','조교수',to_DATE('2011-01-24','YYYY-MM-DD'));
INSERT INTO professor VALUES ('1032','이유당','유공','부교수',to_DATE('1988-11-01','YYYY-MM-DD'));
INSERT INTO professor VALUES ('1033','박삭광','유공','정교수',to_DATE('2005-07-14','YYYY-MM-DD'));
INSERT INTO professor VALUES ('1036','성현수','유공','부교수',to_DATE('1993-07-13','YYYY-MM-DD'));
INSERT INTO professor VALUES ('1031','김서령','식영','부교수',to_DATE('1991-10-09','YYYY-MM-DD'));
INSERT INTO professor VALUES ('1034','최해연','식영','부교수',to_DATE('1998-07-02','YYYY-MM-DD'));
INSERT INTO professor VALUES ('1035','장관용','식영','정교수',to_DATE('1985-07-28','YYYY-MM-DD'));
INSERT INTO professor VALUES ('1038','하영진','식영','조교수',to_DATE('2004-03-02','YYYY-MM-DD'));
COMMIT;

CREATE TABLE course (
cno VARCHAR2(8),
cname VARCHAR2(40),
st_num NUMBER,
pno VARCHAR2(8),
CONSTRAINT course_cno_pk PRIMARY KEY (cno),
CONSTRAINT course_pno_fk FOREIGN KEY (pno)  REFERENCES professor (pno)
);

INSERT INTO course VALUES ('1211','일반화학실험',2,'1001');
INSERT INTO course VALUES ('1212','일반화학',3,'1004');
INSERT INTO course VALUES ('1213','유기화학',3,'1006');
INSERT INTO course VALUES ('1214','무기화학',2,'1004');
INSERT INTO course VALUES ('1216','환경화학',2,'1006');
INSERT INTO course VALUES ('1217','고분자화학',3,'1007');
INSERT INTO course VALUES ('1218','생화학',2,'1008');
INSERT INTO course VALUES ('1220','일반물리',3,'1010');
INSERT INTO course VALUES ('1223','자기학',3,'1013');
INSERT INTO course VALUES ('1226','양자물리학',3,'1016');
INSERT INTO course VALUES ('1227','이학수학',2,'1017');
INSERT INTO course VALUES ('1228','위상수학',2,'1018');
INSERT INTO course VALUES ('2357','유기물리학',3,'1021');
INSERT INTO course VALUES ('2358','식물학',3,'1022');
INSERT INTO course VALUES ('2363','화학실험',3,'1027');
INSERT INTO course VALUES ('2365','전자기학',2,'1029');
INSERT INTO course VALUES ('2366','물리실험',2,'1030');
INSERT INTO course VALUES ('2367','해부학',3,'1031');
INSERT INTO course VALUES ('2368','핵화학',3,'1032');
INSERT INTO course VALUES ('2369','무기화학실험',2,NULL);
INSERT INTO course VALUES ('2370','고생물학',3,'1008');
INSERT INTO course VALUES ('2410','대수학',3,'1017');
INSERT INTO course VALUES ('2411','무기재료',3,'1004');
INSERT INTO course VALUES ('1712','분자생물학',3,'1030');
INSERT INTO course VALUES ('1711','유전학실험',2,'1036');
INSERT INTO course VALUES ('1782','세포배양학',3,'1017');
INSERT INTO course VALUES ('1733','유전체학',3,'1036');
INSERT INTO course VALUES ('1290','열역학',3,'1018');
INSERT INTO course VALUES ('1287','전산물리',3,'1016');
INSERT INTO course VALUES ('1233','역학',3,'1012');
INSERT INTO course VALUES ('1245','실험물리학',2,'1013');
INSERT INTO course VALUES ('2111','식품화학',3,'1031');
INSERT INTO course VALUES ('2112','영양학실험',2,'1034');
INSERT INTO course VALUES ('2115','식품분석실험',3,'1035');
INSERT INTO course VALUES ('2119','영양생리학',3,'1038');
INSERT INTO course VALUES ('2312','생리학',3,'1022');
INSERT INTO course VALUES ('2322','생물정보학',3,'1021');
INSERT INTO course VALUES ('2313','분류학실험',2,'1027');
INSERT INTO course VALUES ('2329','발생생물학',3,'1029');
COMMIT;

CREATE TABLE score (
sno VARCHAR2(8),
cno VARCHAR2(8),
result NUMBER,
CONSTRAINT score_sno_cno_pk PRIMARY KEY (sno,cno),
CONSTRAINT score_sno_fk FOREIGN KEY (sno)  REFERENCES student (sno),
CONSTRAINT score_cno_fk FOREIGN KEY (cno)  REFERENCES course (cno)
); 

INSERT INTO score VALUES ('894501','1211',97);
INSERT INTO score VALUES ('905301','1211',66);
INSERT INTO score VALUES ('905302','1211',89);
INSERT INTO score VALUES ('905603','1211',81);
INSERT INTO score VALUES ('913901','1211',94);
INSERT INTO score VALUES ('913902','1211',83);
INSERT INTO score VALUES ('913903','1211',29);
INSERT INTO score VALUES ('913904','1211',75);
INSERT INTO score VALUES ('913908','1211',65);
INSERT INTO score VALUES ('914502','1211',75);
INSERT INTO score VALUES ('914503','1211',76);
INSERT INTO score VALUES ('914504','1211',64);
INSERT INTO score VALUES ('915301','1211',57);
INSERT INTO score VALUES ('915303','1211',86);
INSERT INTO score VALUES ('915304','1211',78);
INSERT INTO score VALUES ('915305','1211',47);
INSERT INTO score VALUES ('915601','1211',87);
INSERT INTO score VALUES ('915602','1211',93);
INSERT INTO score VALUES ('915604','1211',69);
INSERT INTO score VALUES ('915605','1211',80);
INSERT INTO score VALUES ('918201','1211',81);
INSERT INTO score VALUES ('918202','1211',45);
INSERT INTO score VALUES ('918203','1211',48);
INSERT INTO score VALUES ('918204','1211',46);
INSERT INTO score VALUES ('918205','1211',67);
INSERT INTO score VALUES ('923901','1211',60);
INSERT INTO score VALUES ('923902','1211',93);
INSERT INTO score VALUES ('923903','1211',59);
INSERT INTO score VALUES ('923904','1211',49);
INSERT INTO score VALUES ('924501','1211',86);
INSERT INTO score VALUES ('924502','1211',91);
INSERT INTO score VALUES ('924503','1211',53);
INSERT INTO score VALUES ('924505','1211',98);
INSERT INTO score VALUES ('925301','1211',44);
INSERT INTO score VALUES ('925302','1211',32);
INSERT INTO score VALUES ('925305','1211',81);
INSERT INTO score VALUES ('925306','1211',68);
INSERT INTO score VALUES ('925309','1211',71);
INSERT INTO score VALUES ('925601','1211',69);
INSERT INTO score VALUES ('925602','1211',94);
INSERT INTO score VALUES ('925603','1211',58);
INSERT INTO score VALUES ('925604','1211',42);
INSERT INTO score VALUES ('928201','1211',78);
INSERT INTO score VALUES ('928202','1211',43);
INSERT INTO score VALUES ('928203','1211',87);
INSERT INTO score VALUES ('928204','1211',87);
INSERT INTO score VALUES ('933901','1211',79);
INSERT INTO score VALUES ('933902','1211',47);
INSERT INTO score VALUES ('933903','1211',81);
INSERT INTO score VALUES ('933904','1211',90);
INSERT INTO score VALUES ('934501','1211',72);
INSERT INTO score VALUES ('934502','1211',45);
INSERT INTO score VALUES ('934503','1211',70);
INSERT INTO score VALUES ('934504','1211',47);
INSERT INTO score VALUES ('935301','1211',69);
INSERT INTO score VALUES ('938204','1211',64);
INSERT INTO score VALUES ('938205','1211',79);
INSERT INTO score VALUES ('943901','1211',58);
INSERT INTO score VALUES ('943902','1211',45);
INSERT INTO score VALUES ('943903','1211',35);
INSERT INTO score VALUES ('948205','1211',60);
INSERT INTO score VALUES ('948209','1211',77);
INSERT INTO score VALUES ('894501','1212',84);
INSERT INTO score VALUES ('905301','1212',87);
INSERT INTO score VALUES ('905302','1212',82);
INSERT INTO score VALUES ('905603','1212',84);
INSERT INTO score VALUES ('913901','1212',97);
INSERT INTO score VALUES ('913902','1212',70);
INSERT INTO score VALUES ('913903','1212',57);
INSERT INTO score VALUES ('913904','1212',27);
INSERT INTO score VALUES ('913908','1212',98);
INSERT INTO score VALUES ('914502','1212',60);
INSERT INTO score VALUES ('914503','1212',83);
INSERT INTO score VALUES ('914504','1212',88);
INSERT INTO score VALUES ('915301','1212',44);
INSERT INTO score VALUES ('915303','1212',93);
INSERT INTO score VALUES ('915304','1212',80);
INSERT INTO score VALUES ('915305','1212',53);
INSERT INTO score VALUES ('915601','1212',77);
INSERT INTO score VALUES ('915602','1212',96);
INSERT INTO score VALUES ('915604','1212',54);
INSERT INTO score VALUES ('915605','1212',73);
INSERT INTO score VALUES ('918201','1212',62);
INSERT INTO score VALUES ('918202','1212',34);
INSERT INTO score VALUES ('918203','1212',81);
INSERT INTO score VALUES ('918204','1212',73);
INSERT INTO score VALUES ('918205','1212',94);
INSERT INTO score VALUES ('923901','1212',47);
INSERT INTO score VALUES ('925603','1212',56);
INSERT INTO score VALUES ('925604','1212',90);
INSERT INTO score VALUES ('928201','1212',71);
INSERT INTO score VALUES ('928202','1212',71);
INSERT INTO score VALUES ('928203','1212',85);
INSERT INTO score VALUES ('928204','1212',67);
INSERT INTO score VALUES ('933901','1212',65);
INSERT INTO score VALUES ('933902','1212',85);
INSERT INTO score VALUES ('933903','1212',46);
INSERT INTO score VALUES ('933904','1212',79);
INSERT INTO score VALUES ('934501','1212',97);
INSERT INTO score VALUES ('934502','1212',41);
INSERT INTO score VALUES ('934503','1212',87);
INSERT INTO score VALUES ('934504','1212',41);
INSERT INTO score VALUES ('935301','1212',49);
INSERT INTO score VALUES ('935303','1212',78);
INSERT INTO score VALUES ('935304','1212',94);
INSERT INTO score VALUES ('935601','1212',46);
INSERT INTO score VALUES ('935602','1212',67);
INSERT INTO score VALUES ('935604','1212',59);
INSERT INTO score VALUES ('935605','1212',90);
INSERT INTO score VALUES ('938201','1212',81);
INSERT INTO score VALUES ('938202','1212',65);
INSERT INTO score VALUES ('938204','1212',64);
INSERT INTO score VALUES ('938205','1212',59);
INSERT INTO score VALUES ('943901','1212',73);
INSERT INTO score VALUES ('943902','1212',70);
INSERT INTO score VALUES ('943903','1212',21);
INSERT INTO score VALUES ('943905','1212',57);
INSERT INTO score VALUES ('944501','1212',99);
INSERT INTO score VALUES ('944503','1212',57);
INSERT INTO score VALUES ('944511','1212',92);
INSERT INTO score VALUES ('944512','1212',86);
INSERT INTO score VALUES ('945302','1212',85);
INSERT INTO score VALUES ('945303','1212',44);
INSERT INTO score VALUES ('945314','1212',47);
INSERT INTO score VALUES ('945601','1212',61);
INSERT INTO score VALUES ('945602','1212',47);
INSERT INTO score VALUES ('945603','1212',58);
INSERT INTO score VALUES ('945604','1212',40);
INSERT INTO score VALUES ('945605','1212',86);
INSERT INTO score VALUES ('948201','1212',61);
INSERT INTO score VALUES ('948202','1212',84);
INSERT INTO score VALUES ('948203','1212',49);
INSERT INTO score VALUES ('948204','1212',60);
INSERT INTO score VALUES ('948205','1212',74);
INSERT INTO score VALUES ('948209','1212',85);
INSERT INTO score VALUES ('894501','1213',60);
INSERT INTO score VALUES ('905301','1213',45);
INSERT INTO score VALUES ('905302','1213',56);
INSERT INTO score VALUES ('905603','1213',41);
INSERT INTO score VALUES ('913901','1213',77);
INSERT INTO score VALUES ('913902','1213',44);
INSERT INTO score VALUES ('913903','1213',83);
INSERT INTO score VALUES ('913904','1213',68);
INSERT INTO score VALUES ('913908','1213',75);
INSERT INTO score VALUES ('914502','1213',63);
INSERT INTO score VALUES ('914503','1213',41);
INSERT INTO score VALUES ('914504','1213',62);
INSERT INTO score VALUES ('915301','1213',41);
INSERT INTO score VALUES ('915303','1213',66);
INSERT INTO score VALUES ('915304','1213',82);
INSERT INTO score VALUES ('915305','1213',78);
INSERT INTO score VALUES ('915601','1213',92);
INSERT INTO score VALUES ('915602','1213',64);
INSERT INTO score VALUES ('915604','1213',31);
INSERT INTO score VALUES ('915605','1213',48);
INSERT INTO score VALUES ('918201','1213',49);
INSERT INTO score VALUES ('918202','1213',47);
INSERT INTO score VALUES ('918203','1213',67);
INSERT INTO score VALUES ('918204','1213',78);
INSERT INTO score VALUES ('918205','1213',80);
INSERT INTO score VALUES ('923901','1213',66);
INSERT INTO score VALUES ('923902','1213',51);
INSERT INTO score VALUES ('923903','1213',68);
INSERT INTO score VALUES ('923904','1213',50);
INSERT INTO score VALUES ('924501','1213',55);
INSERT INTO score VALUES ('924502','1213',50);
INSERT INTO score VALUES ('924503','1213',84);
INSERT INTO score VALUES ('924505','1213',64);
INSERT INTO score VALUES ('925301','1213',89);
INSERT INTO score VALUES ('925302','1213',71);
INSERT INTO score VALUES ('925305','1213',68);
INSERT INTO score VALUES ('925306','1213',61);
INSERT INTO score VALUES ('925309','1213',83);
INSERT INTO score VALUES ('925601','1213',85);
INSERT INTO score VALUES ('925602','1213',68);
INSERT INTO score VALUES ('925603','1213',49);
INSERT INTO score VALUES ('925604','1213',85);
INSERT INTO score VALUES ('928201','1213',66);
INSERT INTO score VALUES ('928202','1213',48);
INSERT INTO score VALUES ('928203','1213',88);
INSERT INTO score VALUES ('928204','1213',89);
INSERT INTO score VALUES ('933901','1213',95);
INSERT INTO score VALUES ('933902','1213',92);
INSERT INTO score VALUES ('933903','1213',50);
INSERT INTO score VALUES ('933904','1213',62);
INSERT INTO score VALUES ('934501','1213',92);
INSERT INTO score VALUES ('934502','1213',58);
INSERT INTO score VALUES ('935602','1213',68);
INSERT INTO score VALUES ('935604','1213',87);
INSERT INTO score VALUES ('935605','1213',59);
INSERT INTO score VALUES ('938201','1213',94);
INSERT INTO score VALUES ('938202','1213',52);
INSERT INTO score VALUES ('938204','1213',99);
INSERT INTO score VALUES ('938205','1213',52);
INSERT INTO score VALUES ('943901','1213',71);
INSERT INTO score VALUES ('943902','1213',90);
INSERT INTO score VALUES ('943903','1213',62);
INSERT INTO score VALUES ('943905','1213',49);
INSERT INTO score VALUES ('944501','1213',67);
INSERT INTO score VALUES ('944503','1213',45);
INSERT INTO score VALUES ('944511','1213',41);
INSERT INTO score VALUES ('944512','1213',49);
INSERT INTO score VALUES ('948202','1213',85);
INSERT INTO score VALUES ('948203','1213',77);
INSERT INTO score VALUES ('948204','1213',56);
INSERT INTO score VALUES ('948205','1213',74);
INSERT INTO score VALUES ('948209','1213',84);
INSERT INTO score VALUES ('894501','1214',96);
INSERT INTO score VALUES ('905301','1214',57);
INSERT INTO score VALUES ('905302','1214',99);
INSERT INTO score VALUES ('905603','1214',54);
INSERT INTO score VALUES ('913901','1214',80);
INSERT INTO score VALUES ('913902','1214',76);
INSERT INTO score VALUES ('913903','1214',96);
INSERT INTO score VALUES ('913904','1214',67);
INSERT INTO score VALUES ('913908','1214',61);
INSERT INTO score VALUES ('914502','1214',56);
INSERT INTO score VALUES ('914503','1214',56);
INSERT INTO score VALUES ('914504','1214',70);
INSERT INTO score VALUES ('915301','1214',97);
INSERT INTO score VALUES ('915303','1214',55);
INSERT INTO score VALUES ('915304','1214',40);
INSERT INTO score VALUES ('915305','1214',94);
INSERT INTO score VALUES ('915601','1214',59);
INSERT INTO score VALUES ('915602','1214',89);
INSERT INTO score VALUES ('915604','1214',47);
INSERT INTO score VALUES ('915605','1214',54);
INSERT INTO score VALUES ('918201','1214',64);
INSERT INTO score VALUES ('918202','1214',64);
INSERT INTO score VALUES ('918203','1214',94);
INSERT INTO score VALUES ('918204','1214',90);
INSERT INTO score VALUES ('918205','1214',59);
INSERT INTO score VALUES ('923901','1214',70);
INSERT INTO score VALUES ('923902','1214',53);
INSERT INTO score VALUES ('923903','1214',64);
INSERT INTO score VALUES ('923904','1214',76);
INSERT INTO score VALUES ('924501','1214',68);
INSERT INTO score VALUES ('924502','1214',95);
INSERT INTO score VALUES ('924503','1214',95);
INSERT INTO score VALUES ('924505','1214',68);
INSERT INTO score VALUES ('925301','1214',70);
INSERT INTO score VALUES ('925302','1214',44);
INSERT INTO score VALUES ('925305','1214',42);
INSERT INTO score VALUES ('925306','1214',85);
INSERT INTO score VALUES ('925309','1214',63);
INSERT INTO score VALUES ('925601','1214',72);
INSERT INTO score VALUES ('925602','1214',62);
INSERT INTO score VALUES ('925603','1214',65);
INSERT INTO score VALUES ('925604','1214',84);
INSERT INTO score VALUES ('928201','1214',86);
INSERT INTO score VALUES ('928202','1214',93);
INSERT INTO score VALUES ('928203','1214',51);
INSERT INTO score VALUES ('928204','1214',63);
INSERT INTO score VALUES ('933901','1214',64);
INSERT INTO score VALUES ('933902','1214',49);
INSERT INTO score VALUES ('933903','1214',78);
INSERT INTO score VALUES ('933904','1214',50);
INSERT INTO score VALUES ('934501','1214',99);
INSERT INTO score VALUES ('934502','1214',41);
INSERT INTO score VALUES ('934503','1214',80);
INSERT INTO score VALUES ('934504','1214',68);
INSERT INTO score VALUES ('935301','1214',74);
INSERT INTO score VALUES ('935303','1214',55);
INSERT INTO score VALUES ('935304','1214',87);
INSERT INTO score VALUES ('935601','1214',52);
INSERT INTO score VALUES ('935602','1214',78);
INSERT INTO score VALUES ('935604','1214',56);
INSERT INTO score VALUES ('935605','1214',44);
INSERT INTO score VALUES ('938201','1214',92);
INSERT INTO score VALUES ('938202','1214',62);
INSERT INTO score VALUES ('938204','1214',89);
INSERT INTO score VALUES ('938205','1214',86);
INSERT INTO score VALUES ('943901','1214',60);
INSERT INTO score VALUES ('943902','1214',72);
INSERT INTO score VALUES ('943903','1214',82);
INSERT INTO score VALUES ('943905','1214',78);
INSERT INTO score VALUES ('944501','1214',72);
INSERT INTO score VALUES ('944503','1214',56);
INSERT INTO score VALUES ('944511','1214',84);
INSERT INTO score VALUES ('944512','1214',73);
INSERT INTO score VALUES ('945302','1214',93);
INSERT INTO score VALUES ('945303','1214',47);
INSERT INTO score VALUES ('945314','1214',75);
INSERT INTO score VALUES ('945601','1214',87);
INSERT INTO score VALUES ('945602','1214',58);
INSERT INTO score VALUES ('945603','1214',99);
INSERT INTO score VALUES ('945604','1214',97);
INSERT INTO score VALUES ('914502','1216',44);
INSERT INTO score VALUES ('914503','1216',38);
INSERT INTO score VALUES ('914504','1216',75);
INSERT INTO score VALUES ('915301','1216',89);
INSERT INTO score VALUES ('915303','1216',95);
INSERT INTO score VALUES ('915304','1216',80);
INSERT INTO score VALUES ('915305','1216',93);
INSERT INTO score VALUES ('915601','1216',51);
INSERT INTO score VALUES ('915602','1216',43);
INSERT INTO score VALUES ('915604','1216',46);
INSERT INTO score VALUES ('915605','1216',75);
INSERT INTO score VALUES ('918201','1216',67);
INSERT INTO score VALUES ('918202','1216',87);
INSERT INTO score VALUES ('918203','1216',73);
INSERT INTO score VALUES ('918204','1216',52);
INSERT INTO score VALUES ('918205','1216',67);
INSERT INTO score VALUES ('923901','1216',64);
INSERT INTO score VALUES ('923902','1216',42);
INSERT INTO score VALUES ('923903','1216',72);
INSERT INTO score VALUES ('923904','1216',40);
INSERT INTO score VALUES ('924501','1216',61);
INSERT INTO score VALUES ('924502','1216',32);
INSERT INTO score VALUES ('924503','1216',44);
INSERT INTO score VALUES ('924505','1216',68);
INSERT INTO score VALUES ('925301','1216',43);
INSERT INTO score VALUES ('925302','1216',90);
INSERT INTO score VALUES ('925305','1216',72);
INSERT INTO score VALUES ('925306','1216',92);
INSERT INTO score VALUES ('925309','1216',67);
INSERT INTO score VALUES ('925601','1216',67);
INSERT INTO score VALUES ('925602','1216',95);
INSERT INTO score VALUES ('925603','1216',77);
INSERT INTO score VALUES ('925604','1216',51);
INSERT INTO score VALUES ('928201','1216',82);
INSERT INTO score VALUES ('928202','1216',64);
INSERT INTO score VALUES ('928203','1216',82);
INSERT INTO score VALUES ('928204','1216',28);
INSERT INTO score VALUES ('933901','1216',91);
INSERT INTO score VALUES ('933902','1216',48);
INSERT INTO score VALUES ('934503','1216',83);
INSERT INTO score VALUES ('934504','1216',42);
INSERT INTO score VALUES ('935301','1216',62);
INSERT INTO score VALUES ('935303','1216',81);
INSERT INTO score VALUES ('935304','1216',46);
INSERT INTO score VALUES ('935601','1216',85);
INSERT INTO score VALUES ('935602','1216',90);
INSERT INTO score VALUES ('935604','1216',90);
INSERT INTO score VALUES ('935605','1216',75);
INSERT INTO score VALUES ('938201','1216',67);
INSERT INTO score VALUES ('938202','1216',56);
INSERT INTO score VALUES ('938204','1216',79);
INSERT INTO score VALUES ('938205','1216',47);
INSERT INTO score VALUES ('943901','1216',48);
INSERT INTO score VALUES ('943902','1216',47);
INSERT INTO score VALUES ('943903','1216',81);
INSERT INTO score VALUES ('943905','1216',62);
INSERT INTO score VALUES ('944501','1216',47);
INSERT INTO score VALUES ('944503','1216',28);
INSERT INTO score VALUES ('944511','1216',88);
INSERT INTO score VALUES ('944512','1216',54);
INSERT INTO score VALUES ('945302','1216',88);
INSERT INTO score VALUES ('945303','1216',99);
INSERT INTO score VALUES ('945314','1216',48);
INSERT INTO score VALUES ('945601','1216',85);
INSERT INTO score VALUES ('945602','1216',64);
INSERT INTO score VALUES ('945603','1216',60);
INSERT INTO score VALUES ('945604','1216',50);
INSERT INTO score VALUES ('945605','1216',82);
INSERT INTO score VALUES ('948201','1216',32);
INSERT INTO score VALUES ('948202','1216',54);
INSERT INTO score VALUES ('948203','1216',83);
INSERT INTO score VALUES ('948204','1216',63);
INSERT INTO score VALUES ('948205','1216',94);
INSERT INTO score VALUES ('948209','1216',36);
INSERT INTO score VALUES ('894501','1217',74);
INSERT INTO score VALUES ('905301','1217',87);
INSERT INTO score VALUES ('905302','1217',80);
INSERT INTO score VALUES ('905603','1217',62);
INSERT INTO score VALUES ('913901','1217',68);
INSERT INTO score VALUES ('913902','1217',93);
INSERT INTO score VALUES ('913903','1217',83);
INSERT INTO score VALUES ('913904','1217',75);
INSERT INTO score VALUES ('913908','1217',84);
INSERT INTO score VALUES ('914502','1217',59);
INSERT INTO score VALUES ('914503','1217',89);
INSERT INTO score VALUES ('914504','1217',45);
INSERT INTO score VALUES ('915301','1217',44);
INSERT INTO score VALUES ('915303','1217',46);
INSERT INTO score VALUES ('915304','1217',79);
INSERT INTO score VALUES ('915305','1217',96);
INSERT INTO score VALUES ('915601','1217',97);
INSERT INTO score VALUES ('915602','1217',37);
INSERT INTO score VALUES ('915604','1217',99);
INSERT INTO score VALUES ('915605','1217',91);
INSERT INTO score VALUES ('918201','1217',68);
INSERT INTO score VALUES ('918202','1217',66);
INSERT INTO score VALUES ('918203','1217',82);
INSERT INTO score VALUES ('918204','1217',91);
INSERT INTO score VALUES ('918205','1217',88);
INSERT INTO score VALUES ('928201','1217',44);
INSERT INTO score VALUES ('928202','1217',52);
INSERT INTO score VALUES ('928203','1217',91);
INSERT INTO score VALUES ('928204','1217',43);
INSERT INTO score VALUES ('933901','1217',55);
INSERT INTO score VALUES ('933902','1217',47);
INSERT INTO score VALUES ('933903','1217',89);
INSERT INTO score VALUES ('933904','1217',41);
INSERT INTO score VALUES ('934501','1217',45);
INSERT INTO score VALUES ('934502','1217',51);
INSERT INTO score VALUES ('934503','1217',88);
INSERT INTO score VALUES ('934504','1217',76);
INSERT INTO score VALUES ('935301','1217',77);
INSERT INTO score VALUES ('935303','1217',62);
INSERT INTO score VALUES ('935304','1217',74);
INSERT INTO score VALUES ('935601','1217',85);
INSERT INTO score VALUES ('935602','1217',95);
INSERT INTO score VALUES ('935604','1217',66);
INSERT INTO score VALUES ('935605','1217',54);
INSERT INTO score VALUES ('938201','1217',85);
INSERT INTO score VALUES ('938202','1217',88);
INSERT INTO score VALUES ('938204','1217',78);
INSERT INTO score VALUES ('938205','1217',48);
INSERT INTO score VALUES ('943901','1217',58);
INSERT INTO score VALUES ('943902','1217',54);
INSERT INTO score VALUES ('943903','1217',59);
INSERT INTO score VALUES ('943905','1217',96);
INSERT INTO score VALUES ('944501','1217',42);
INSERT INTO score VALUES ('944503','1217',68);
INSERT INTO score VALUES ('944511','1217',70);
INSERT INTO score VALUES ('944512','1217',84);
INSERT INTO score VALUES ('945302','1217',44);
INSERT INTO score VALUES ('945303','1217',43);
INSERT INTO score VALUES ('945314','1217',59);
INSERT INTO score VALUES ('945601','1217',69);
INSERT INTO score VALUES ('945602','1217',97);
INSERT INTO score VALUES ('945603','1217',97);
INSERT INTO score VALUES ('945604','1217',78);
INSERT INTO score VALUES ('945605','1217',88);
INSERT INTO score VALUES ('948201','1217',49);
INSERT INTO score VALUES ('948202','1217',85);
INSERT INTO score VALUES ('948203','1217',26);
INSERT INTO score VALUES ('948204','1217',97);
INSERT INTO score VALUES ('948205','1217',78);
INSERT INTO score VALUES ('948209','1217',76);
INSERT INTO score VALUES ('894501','1218',68);
INSERT INTO score VALUES ('905301','1218',73);
INSERT INTO score VALUES ('905302','1218',63);
INSERT INTO score VALUES ('905603','1218',75);
INSERT INTO score VALUES ('913901','1218',70);
INSERT INTO score VALUES ('913902','1218',75);
INSERT INTO score VALUES ('913903','1218',50);
INSERT INTO score VALUES ('913904','1218',50);
INSERT INTO score VALUES ('913908','1218',81);
INSERT INTO score VALUES ('914502','1218',95);
INSERT INTO score VALUES ('914503','1218',59);
INSERT INTO score VALUES ('914504','1218',72);
INSERT INTO score VALUES ('915301','1218',87);
INSERT INTO score VALUES ('915303','1218',45);
INSERT INTO score VALUES ('915304','1218',83);
INSERT INTO score VALUES ('915305','1218',77);
INSERT INTO score VALUES ('915601','1218',74);
INSERT INTO score VALUES ('915602','1218',45);
INSERT INTO score VALUES ('915604','1218',48);
INSERT INTO score VALUES ('925309','1218',52);
INSERT INTO score VALUES ('925601','1218',78);
INSERT INTO score VALUES ('925602','1218',52);
INSERT INTO score VALUES ('925603','1218',80);
INSERT INTO score VALUES ('925604','1218',62);
INSERT INTO score VALUES ('928201','1218',75);
INSERT INTO score VALUES ('928202','1218',46);
INSERT INTO score VALUES ('928203','1218',74);
INSERT INTO score VALUES ('928204','1218',80);
INSERT INTO score VALUES ('933901','1218',74);
INSERT INTO score VALUES ('933902','1218',51);
INSERT INTO score VALUES ('933903','1218',93);
INSERT INTO score VALUES ('933904','1218',58);
INSERT INTO score VALUES ('934501','1218',55);
INSERT INTO score VALUES ('934502','1218',44);
INSERT INTO score VALUES ('934503','1218',69);
INSERT INTO score VALUES ('934504','1218',52);
INSERT INTO score VALUES ('935301','1218',76);
INSERT INTO score VALUES ('935303','1218',90);
INSERT INTO score VALUES ('935304','1218',67);
INSERT INTO score VALUES ('935601','1218',43);
INSERT INTO score VALUES ('935602','1218',87);
INSERT INTO score VALUES ('935604','1218',80);
INSERT INTO score VALUES ('935605','1218',98);
INSERT INTO score VALUES ('938201','1218',74);
INSERT INTO score VALUES ('938202','1218',56);
INSERT INTO score VALUES ('938204','1218',63);
INSERT INTO score VALUES ('938205','1218',76);
INSERT INTO score VALUES ('943901','1218',48);
INSERT INTO score VALUES ('943902','1218',61);
INSERT INTO score VALUES ('943903','1218',59);
INSERT INTO score VALUES ('943905','1218',57);
INSERT INTO score VALUES ('944501','1218',62);
INSERT INTO score VALUES ('944503','1218',88);
INSERT INTO score VALUES ('944511','1218',53);
INSERT INTO score VALUES ('944512','1218',68);
INSERT INTO score VALUES ('945302','1218',83);
INSERT INTO score VALUES ('945303','1218',76);
INSERT INTO score VALUES ('945314','1218',91);
INSERT INTO score VALUES ('945601','1218',53);
INSERT INTO score VALUES ('945602','1218',48);
INSERT INTO score VALUES ('945603','1218',51);
INSERT INTO score VALUES ('945604','1218',56);
INSERT INTO score VALUES ('945605','1218',51);
INSERT INTO score VALUES ('948201','1218',94);
INSERT INTO score VALUES ('948202','1218',56);
INSERT INTO score VALUES ('905301','1220',84);
INSERT INTO score VALUES ('905302','1220',76);
INSERT INTO score VALUES ('905603','1220',69);
INSERT INTO score VALUES ('913901','1220',70);
INSERT INTO score VALUES ('913902','1220',86);
INSERT INTO score VALUES ('913903','1220',95);
INSERT INTO score VALUES ('913904','1220',74);
INSERT INTO score VALUES ('913908','1220',56);
INSERT INTO score VALUES ('914502','1220',71);
INSERT INTO score VALUES ('914503','1220',96);
INSERT INTO score VALUES ('914504','1220',65);
INSERT INTO score VALUES ('915301','1220',91);
INSERT INTO score VALUES ('915303','1220',42);
INSERT INTO score VALUES ('915304','1220',63);
INSERT INTO score VALUES ('915305','1220',64);
INSERT INTO score VALUES ('915601','1220',61);
INSERT INTO score VALUES ('915602','1220',41);
INSERT INTO score VALUES ('915604','1220',91);
INSERT INTO score VALUES ('915605','1220',95);
INSERT INTO score VALUES ('918201','1220',82);
INSERT INTO score VALUES ('918202','1220',61);
INSERT INTO score VALUES ('918203','1220',87);
INSERT INTO score VALUES ('918204','1220',46);
INSERT INTO score VALUES ('918205','1220',78);
INSERT INTO score VALUES ('923901','1220',97);
INSERT INTO score VALUES ('923902','1220',23);
INSERT INTO score VALUES ('923903','1220',60);
INSERT INTO score VALUES ('923904','1220',74);
INSERT INTO score VALUES ('924501','1220',74);
INSERT INTO score VALUES ('924502','1220',53);
INSERT INTO score VALUES ('924503','1220',71);
INSERT INTO score VALUES ('924505','1220',61);
INSERT INTO score VALUES ('925301','1220',84);
INSERT INTO score VALUES ('925302','1220',90);
INSERT INTO score VALUES ('925305','1220',89);
INSERT INTO score VALUES ('925306','1220',43);
INSERT INTO score VALUES ('925309','1220',56);
INSERT INTO score VALUES ('925601','1220',63);
INSERT INTO score VALUES ('925602','1220',69);
INSERT INTO score VALUES ('925603','1220',98);
INSERT INTO score VALUES ('925604','1220',80);
INSERT INTO score VALUES ('928201','1220',40);
INSERT INTO score VALUES ('928202','1220',82);
INSERT INTO score VALUES ('928203','1220',54);
INSERT INTO score VALUES ('928204','1220',71);
INSERT INTO score VALUES ('933901','1220',76);
INSERT INTO score VALUES ('933902','1220',77);
INSERT INTO score VALUES ('933903','1220',52);
INSERT INTO score VALUES ('933904','1220',85);
INSERT INTO score VALUES ('934501','1220',51);
INSERT INTO score VALUES ('934502','1220',61);
INSERT INTO score VALUES ('934503','1220',96);
INSERT INTO score VALUES ('934504','1220',87);
INSERT INTO score VALUES ('935301','1220',43);
INSERT INTO score VALUES ('935303','1220',87);
INSERT INTO score VALUES ('935304','1220',81);
INSERT INTO score VALUES ('935601','1220',79);
INSERT INTO score VALUES ('935602','1220',89);
INSERT INTO score VALUES ('935604','1220',44);
INSERT INTO score VALUES ('935605','1220',60);
INSERT INTO score VALUES ('938201','1220',47);
INSERT INTO score VALUES ('938202','1220',46);
INSERT INTO score VALUES ('938204','1220',77);
INSERT INTO score VALUES ('938205','1220',55);
INSERT INTO score VALUES ('943901','1220',86);
INSERT INTO score VALUES ('943902','1220',54);
INSERT INTO score VALUES ('943903','1220',94);
INSERT INTO score VALUES ('943905','1220',58);
INSERT INTO score VALUES ('915304','1223',69);
INSERT INTO score VALUES ('915305','1223',96);
INSERT INTO score VALUES ('915601','1223',93);
INSERT INTO score VALUES ('915602','1223',76);
INSERT INTO score VALUES ('915604','1223',88);
INSERT INTO score VALUES ('915605','1223',57);
INSERT INTO score VALUES ('918201','1223',88);
INSERT INTO score VALUES ('918202','1223',49);
INSERT INTO score VALUES ('918203','1223',86);
INSERT INTO score VALUES ('918204','1223',77);
INSERT INTO score VALUES ('918205','1223',64);
INSERT INTO score VALUES ('923901','1223',93);
INSERT INTO score VALUES ('923902','1223',70);
INSERT INTO score VALUES ('923903','1223',74);
INSERT INTO score VALUES ('923904','1223',80);
INSERT INTO score VALUES ('924501','1223',63);
INSERT INTO score VALUES ('924502','1223',64);
INSERT INTO score VALUES ('924503','1223',79);
INSERT INTO score VALUES ('924505','1223',79);
INSERT INTO score VALUES ('925301','1223',65);
INSERT INTO score VALUES ('925302','1223',47);
INSERT INTO score VALUES ('925305','1223',57);
INSERT INTO score VALUES ('925306','1223',81);
INSERT INTO score VALUES ('925309','1223',54);
INSERT INTO score VALUES ('925601','1223',99);
INSERT INTO score VALUES ('925602','1223',72);
INSERT INTO score VALUES ('925603','1223',36);
INSERT INTO score VALUES ('925604','1223',35);
INSERT INTO score VALUES ('928201','1223',54);
INSERT INTO score VALUES ('928202','1223',68);
INSERT INTO score VALUES ('928203','1223',48);
INSERT INTO score VALUES ('928204','1223',92);
INSERT INTO score VALUES ('933901','1223',79);
INSERT INTO score VALUES ('933902','1223',83);
INSERT INTO score VALUES ('933903','1223',58);
INSERT INTO score VALUES ('933904','1223',42);
INSERT INTO score VALUES ('934501','1223',98);
INSERT INTO score VALUES ('934502','1223',58);
INSERT INTO score VALUES ('934503','1223',70);
INSERT INTO score VALUES ('934504','1223',41);
INSERT INTO score VALUES ('935301','1223',95);
INSERT INTO score VALUES ('935303','1223',66);
INSERT INTO score VALUES ('935304','1223',57);
INSERT INTO score VALUES ('935601','1223',49);
INSERT INTO score VALUES ('935602','1223',67);
INSERT INTO score VALUES ('935604','1223',43);
INSERT INTO score VALUES ('935605','1223',86);
INSERT INTO score VALUES ('938201','1223',92);
INSERT INTO score VALUES ('938202','1223',84);
INSERT INTO score VALUES ('938204','1223',92);
INSERT INTO score VALUES ('938205','1223',91);
INSERT INTO score VALUES ('943901','1223',61);
INSERT INTO score VALUES ('943902','1223',93);
INSERT INTO score VALUES ('943903','1223',53);
INSERT INTO score VALUES ('943905','1223',70);
INSERT INTO score VALUES ('944501','1223',68);
INSERT INTO score VALUES ('944503','1223',68);
INSERT INTO score VALUES ('945604','1223',81);
INSERT INTO score VALUES ('945605','1223',95);
INSERT INTO score VALUES ('948201','1223',68);
INSERT INTO score VALUES ('948202','1223',92);
INSERT INTO score VALUES ('948203','1223',50);
INSERT INTO score VALUES ('948204','1223',64);
INSERT INTO score VALUES ('913902','1226',46);
INSERT INTO score VALUES ('913903','1226',83);
INSERT INTO score VALUES ('913904','1226',64);
INSERT INTO score VALUES ('913908','1226',97);
INSERT INTO score VALUES ('914502','1226',66);
INSERT INTO score VALUES ('914503','1226',47);
INSERT INTO score VALUES ('914504','1226',81);
INSERT INTO score VALUES ('915301','1226',78);
INSERT INTO score VALUES ('915303','1226',60);
INSERT INTO score VALUES ('915304','1226',47);
INSERT INTO score VALUES ('915305','1226',82);
INSERT INTO score VALUES ('915601','1226',98);
INSERT INTO score VALUES ('915602','1226',44);
INSERT INTO score VALUES ('915604','1226',82);
INSERT INTO score VALUES ('915605','1226',54);
INSERT INTO score VALUES ('923904','1226',50);
INSERT INTO score VALUES ('924501','1226',51);
INSERT INTO score VALUES ('924502','1226',88);
INSERT INTO score VALUES ('924503','1226',87);
INSERT INTO score VALUES ('925309','1226',52);
INSERT INTO score VALUES ('925601','1226',92);
INSERT INTO score VALUES ('925602','1226',96);
INSERT INTO score VALUES ('925603','1226',46);
INSERT INTO score VALUES ('925604','1226',49);
INSERT INTO score VALUES ('933902','1226',80);
INSERT INTO score VALUES ('933903','1226',100); 
INSERT INTO score VALUES ('933904','1226',50);
INSERT INTO score VALUES ('934501','1226',46);
INSERT INTO score VALUES ('934502','1226',81);
INSERT INTO score VALUES ('934503','1226',89);
INSERT INTO score VALUES ('934504','1226',74);
INSERT INTO score VALUES ('935301','1226',51);
INSERT INTO score VALUES ('935303','1226',47);
INSERT INTO score VALUES ('935304','1226',52);
INSERT INTO score VALUES ('935601','1226',93);
INSERT INTO score VALUES ('935602','1226',74);
INSERT INTO score VALUES ('935604','1226',78);
INSERT INTO score VALUES ('935605','1226',56);
INSERT INTO score VALUES ('938201','1226',72);
INSERT INTO score VALUES ('938202','1226',51);
INSERT INTO score VALUES ('943903','1226',54);
INSERT INTO score VALUES ('943905','1226',71);
INSERT INTO score VALUES ('944501','1226',99);
INSERT INTO score VALUES ('944503','1226',79);
INSERT INTO score VALUES ('944511','1226',45);
INSERT INTO score VALUES ('944512','1226',53);
INSERT INTO score VALUES ('945302','1226',47);
INSERT INTO score VALUES ('945303','1226',88);
INSERT INTO score VALUES ('945314','1226',91);
INSERT INTO score VALUES ('945601','1226',97);
INSERT INTO score VALUES ('945602','1226',59);
INSERT INTO score VALUES ('945603','1226',87);
INSERT INTO score VALUES ('945604','1226',52);
INSERT INTO score VALUES ('945605','1226',87);
INSERT INTO score VALUES ('948201','1226',65);
INSERT INTO score VALUES ('948202','1226',94);
INSERT INTO score VALUES ('948203','1226',99);
INSERT INTO score VALUES ('948204','1226',85);
INSERT INTO score VALUES ('948209','1226',94);
INSERT INTO score VALUES ('894501','1227',77);
INSERT INTO score VALUES ('913904','1227',59);
INSERT INTO score VALUES ('913908','1227',66);
INSERT INTO score VALUES ('914502','1227',69);
INSERT INTO score VALUES ('914503','1227',88);
INSERT INTO score VALUES ('914504','1227',89);
INSERT INTO score VALUES ('915301','1227',92);
INSERT INTO score VALUES ('915303','1227',70);
INSERT INTO score VALUES ('915304','1227',82);
INSERT INTO score VALUES ('915305','1227',85);
INSERT INTO score VALUES ('915601','1227',53);
INSERT INTO score VALUES ('915602','1227',57);
INSERT INTO score VALUES ('915604','1227',94);
INSERT INTO score VALUES ('915605','1227',72);
INSERT INTO score VALUES ('918201','1227',86);
INSERT INTO score VALUES ('918202','1227',93);
INSERT INTO score VALUES ('923904','1227',41);
INSERT INTO score VALUES ('924501','1227',72);
INSERT INTO score VALUES ('924502','1227',44); 
INSERT INTO score VALUES ('924505','1227',48);
INSERT INTO score VALUES ('925301','1227',47);
INSERT INTO score VALUES ('925302','1227',82);
INSERT INTO score VALUES ('925305','1227',46);
INSERT INTO score VALUES ('925306','1227',55);
INSERT INTO score VALUES ('925309','1227',41);
INSERT INTO score VALUES ('925601','1227',98);
INSERT INTO score VALUES ('925602','1227',71);
INSERT INTO score VALUES ('925603','1227',82);
INSERT INTO score VALUES ('925604','1227',95);
INSERT INTO score VALUES ('928201','1227',77);
INSERT INTO score VALUES ('928202','1227',83);
INSERT INTO score VALUES ('928203','1227',67);
INSERT INTO score VALUES ('928204','1227',40);
INSERT INTO score VALUES ('933901','1227',72);
INSERT INTO score VALUES ('933902','1227',65);
INSERT INTO score VALUES ('933903','1227',44);
INSERT INTO score VALUES ('935301','1227',52);
INSERT INTO score VALUES ('935303','1227',76);
INSERT INTO score VALUES ('935304','1227',45);
INSERT INTO score VALUES ('935601','1227',55);
INSERT INTO score VALUES ('935602','1227',97);
INSERT INTO score VALUES ('935604','1227',93);
INSERT INTO score VALUES ('935605','1227',55);
INSERT INTO score VALUES ('938201','1227',47);
INSERT INTO score VALUES ('938202','1227',59);
INSERT INTO score VALUES ('938204','1227',74);
INSERT INTO score VALUES ('938205','1227',77);
INSERT INTO score VALUES ('943901','1227',69);
INSERT INTO score VALUES ('943902','1227',95);
INSERT INTO score VALUES ('943903','1227',47);
INSERT INTO score VALUES ('943905','1227',71);
INSERT INTO score VALUES ('944501','1227',79);
INSERT INTO score VALUES ('944503','1227',55);
INSERT INTO score VALUES ('944511','1227',95);
INSERT INTO score VALUES ('944512','1227',52);
INSERT INTO score VALUES ('945302','1227',71);
INSERT INTO score VALUES ('945303','1227',55);
INSERT INTO score VALUES ('948201','1227',93);
INSERT INTO score VALUES ('948202','1227',63);
INSERT INTO score VALUES ('948203','1227',79);
INSERT INTO score VALUES ('948204','1227',70);
INSERT INTO score VALUES ('948205','1227',57);
INSERT INTO score VALUES ('948209','1227',75);
INSERT INTO score VALUES ('894501','1228',53);
INSERT INTO score VALUES ('905301','1228',62);
INSERT INTO score VALUES ('905302','1228',78);
INSERT INTO score VALUES ('905603','1228',99);
INSERT INTO score VALUES ('913901','1228',70);
INSERT INTO score VALUES ('913902','1228',47);
INSERT INTO score VALUES ('913903','1228',56);
INSERT INTO score VALUES ('913904','1228',45);
INSERT INTO score VALUES ('913908','1228',59);
INSERT INTO score VALUES ('914502','1228',64);
INSERT INTO score VALUES ('914503','1228',72);
INSERT INTO score VALUES ('914504','1228',90);
INSERT INTO score VALUES ('915301','1228',98);
INSERT INTO score VALUES ('915303','1228',79);
INSERT INTO score VALUES ('915304','1228',87);
INSERT INTO score VALUES ('915305','1228',60);
INSERT INTO score VALUES ('915605','1228',98);
INSERT INTO score VALUES ('918201','1228',72);
INSERT INTO score VALUES ('918202','1228',68);
INSERT INTO score VALUES ('918203','1228',96);
INSERT INTO score VALUES ('918204','1228',78);
INSERT INTO score VALUES ('918205','1228',82);
INSERT INTO score VALUES ('923901','1228',47);
INSERT INTO score VALUES ('923902','1228',59);
INSERT INTO score VALUES ('923903','1228',72);
INSERT INTO score VALUES ('923904','1228',85);
INSERT INTO score VALUES ('924501','1228',63);
INSERT INTO score VALUES ('924502','1228',94);
INSERT INTO score VALUES ('924503','1228',87);
INSERT INTO score VALUES ('924505','1228',99);
INSERT INTO score VALUES ('925301','1228',47);
INSERT INTO score VALUES ('925302','1228',94);
INSERT INTO score VALUES ('925305','1228',77);
INSERT INTO score VALUES ('925306','1228',78);
INSERT INTO score VALUES ('925309','1228',96);
INSERT INTO score VALUES ('925601','1228',60);
INSERT INTO score VALUES ('925602','1228',54);
INSERT INTO score VALUES ('925603','1228',76);
INSERT INTO score VALUES ('928202','1228',50);
INSERT INTO score VALUES ('928203','1228',73);
INSERT INTO score VALUES ('928204','1228',57);
INSERT INTO score VALUES ('933901','1228',43);
INSERT INTO score VALUES ('933902','1228',59);
INSERT INTO score VALUES ('933903','1228',67);
INSERT INTO score VALUES ('933904','1228',74);
INSERT INTO score VALUES ('934501','1228',61);
INSERT INTO score VALUES ('934502','1228',51);
INSERT INTO score VALUES ('934503','1228',98);
INSERT INTO score VALUES ('934504','1228',53);
INSERT INTO score VALUES ('935301','1228',53);
INSERT INTO score VALUES ('935303','1228',95);
INSERT INTO score VALUES ('935304','1228',69);
INSERT INTO score VALUES ('935601','1228',97);
INSERT INTO score VALUES ('935602','1228',71);
INSERT INTO score VALUES ('935604','1228',55);
INSERT INTO score VALUES ('938204','1228',58);
INSERT INTO score VALUES ('938205','1228',71);
INSERT INTO score VALUES ('943901','1228',66);
INSERT INTO score VALUES ('943902','1228',67);
INSERT INTO score VALUES ('943903','1228',76);
INSERT INTO score VALUES ('943905','1228',75);
INSERT INTO score VALUES ('944501','1228',47);
INSERT INTO score VALUES ('944503','1228',74);
INSERT INTO score VALUES ('944511','1228',92);
INSERT INTO score VALUES ('944512','1228',93);
INSERT INTO score VALUES ('945302','1228',86);
INSERT INTO score VALUES ('945303','1228',48);
INSERT INTO score VALUES ('945314','1228',45);
INSERT INTO score VALUES ('945601','1228',85);
INSERT INTO score VALUES ('945602','1228',99);
INSERT INTO score VALUES ('945603','1228',97);
INSERT INTO score VALUES ('948205','1228',48);
INSERT INTO score VALUES ('948209','1228',82);
INSERT INTO score VALUES ('894501','1233',68);
INSERT INTO score VALUES ('905301','1233',44);
INSERT INTO score VALUES ('905302','1233',65);
INSERT INTO score VALUES ('905603','1233',92);
INSERT INTO score VALUES ('914502','1233',68);
INSERT INTO score VALUES ('914503','1233',72);
INSERT INTO score VALUES ('914504','1233',86);
INSERT INTO score VALUES ('915301','1233',48);
INSERT INTO score VALUES ('915303','1233',64);
INSERT INTO score VALUES ('915304','1233',78);
INSERT INTO score VALUES ('915305','1233',51);
INSERT INTO score VALUES ('915601','1233',60);
INSERT INTO score VALUES ('915602','1233',59);
INSERT INTO score VALUES ('915604','1233',69);
INSERT INTO score VALUES ('915605','1233',55);
INSERT INTO score VALUES ('918201','1233',83);
INSERT INTO score VALUES ('918202','1233',52);
INSERT INTO score VALUES ('918203','1233',50);
INSERT INTO score VALUES ('918204','1233',44);
INSERT INTO score VALUES ('918205','1233',50);
INSERT INTO score VALUES ('923901','1233',77);
INSERT INTO score VALUES ('923902','1233',55);
INSERT INTO score VALUES ('923903','1233',98);
INSERT INTO score VALUES ('925301','1233',91);
INSERT INTO score VALUES ('925302','1233',59);
INSERT INTO score VALUES ('925305','1233',85);
INSERT INTO score VALUES ('925306','1233',82);
INSERT INTO score VALUES ('925309','1233',58);
INSERT INTO score VALUES ('925601','1233',47);
INSERT INTO score VALUES ('925602','1233',99);
INSERT INTO score VALUES ('925603','1233',61);
INSERT INTO score VALUES ('925604','1233',58);
INSERT INTO score VALUES ('928201','1233',94);
INSERT INTO score VALUES ('928202','1233',52);
INSERT INTO score VALUES ('928203','1233',49);
INSERT INTO score VALUES ('928204','1233',77);
INSERT INTO score VALUES ('933901','1233',48);
INSERT INTO score VALUES ('933902','1233',69);
INSERT INTO score VALUES ('933903','1233',40);
INSERT INTO score VALUES ('933904','1233',48);
INSERT INTO score VALUES ('934501','1233',99);
INSERT INTO score VALUES ('934502','1233',66);
INSERT INTO score VALUES ('934503','1233',88);
INSERT INTO score VALUES ('934504','1233',58);
INSERT INTO score VALUES ('935301','1233',86);
INSERT INTO score VALUES ('935303','1233',79);
INSERT INTO score VALUES ('935304','1233',81);
INSERT INTO score VALUES ('943902','1233',71);
INSERT INTO score VALUES ('943903','1233',89);
INSERT INTO score VALUES ('943905','1233',82);
INSERT INTO score VALUES ('944501','1233',85);
INSERT INTO score VALUES ('944503','1233',50);
INSERT INTO score VALUES ('944511','1233',81);
INSERT INTO score VALUES ('944512','1233',77);
INSERT INTO score VALUES ('945302','1233',63);
INSERT INTO score VALUES ('945303','1233',68);
INSERT INTO score VALUES ('948201','1233',53);
INSERT INTO score VALUES ('948202','1233',64);
INSERT INTO score VALUES ('948203','1233',95);
INSERT INTO score VALUES ('948204','1233',76);
INSERT INTO score VALUES ('948205','1233',59);
INSERT INTO score VALUES ('948209','1233',65);
INSERT INTO score VALUES ('894501','1245',57);
INSERT INTO score VALUES ('913904','1245',82);
INSERT INTO score VALUES ('913908','1245',80);
INSERT INTO score VALUES ('914502','1245',50);
INSERT INTO score VALUES ('914503','1245',65);
INSERT INTO score VALUES ('914504','1245',42);
INSERT INTO score VALUES ('915301','1245',91);
INSERT INTO score VALUES ('915303','1245',61);
INSERT INTO score VALUES ('915304','1245',58);
INSERT INTO score VALUES ('915305','1245',50);
INSERT INTO score VALUES ('915601','1245',78);
INSERT INTO score VALUES ('915602','1245',71);
INSERT INTO score VALUES ('915604','1245',67);
INSERT INTO score VALUES ('915605','1245',58);
INSERT INTO score VALUES ('918201','1245',77);
INSERT INTO score VALUES ('923901','1245',93);
INSERT INTO score VALUES ('923902','1245',55);
INSERT INTO score VALUES ('923903','1245',50);
INSERT INTO score VALUES ('925301','1245',41);
INSERT INTO score VALUES ('925302','1245',72);
INSERT INTO score VALUES ('925305','1245',96);
INSERT INTO score VALUES ('925306','1245',84);
INSERT INTO score VALUES ('925309','1245',50);
INSERT INTO score VALUES ('925601','1245',92);
INSERT INTO score VALUES ('925602','1245',61);
INSERT INTO score VALUES ('925603','1245',87);
INSERT INTO score VALUES ('925604','1245',88);
INSERT INTO score VALUES ('928201','1245',70);
INSERT INTO score VALUES ('928202','1245',83);
INSERT INTO score VALUES ('928203','1245',50);
INSERT INTO score VALUES ('928204','1245',76);
INSERT INTO score VALUES ('933901','1245',84);
INSERT INTO score VALUES ('933902','1245',89);
INSERT INTO score VALUES ('933903','1245',57);
INSERT INTO score VALUES ('933904','1245',80);
INSERT INTO score VALUES ('934501','1245',83);
INSERT INTO score VALUES ('934502','1245',71);
INSERT INTO score VALUES ('934503','1245',52);
INSERT INTO score VALUES ('934504','1245',78);
INSERT INTO score VALUES ('935605','1245',45);
INSERT INTO score VALUES ('938201','1245',48);
INSERT INTO score VALUES ('938202','1245',81);
INSERT INTO score VALUES ('938204','1245',70);
INSERT INTO score VALUES ('938205','1245',51);
INSERT INTO score VALUES ('943901','1245',97);
INSERT INTO score VALUES ('943902','1245',98);
INSERT INTO score VALUES ('943903','1245',76);
INSERT INTO score VALUES ('943905','1245',71);
INSERT INTO score VALUES ('944501','1245',50);
INSERT INTO score VALUES ('944503','1245',72);
INSERT INTO score VALUES ('944511','1245',65);
INSERT INTO score VALUES ('944512','1245',60);
INSERT INTO score VALUES ('945302','1245',96);
INSERT INTO score VALUES ('945303','1245',42);
INSERT INTO score VALUES ('945314','1245',87);
INSERT INTO score VALUES ('945601','1245',52);
INSERT INTO score VALUES ('945602','1245',43);
INSERT INTO score VALUES ('945603','1245',78);
INSERT INTO score VALUES ('945604','1245',83);
INSERT INTO score VALUES ('945605','1245',73);
INSERT INTO score VALUES ('948201','1245',97);
INSERT INTO score VALUES ('948205','1245',97);
INSERT INTO score VALUES ('948209','1245',82);
INSERT INTO score VALUES ('894501','1287',53);
INSERT INTO score VALUES ('905301','1287',65);
INSERT INTO score VALUES ('905302','1287',83);
INSERT INTO score VALUES ('905603','1287',44);
INSERT INTO score VALUES ('913901','1287',90);
INSERT INTO score VALUES ('913902','1287',58);
INSERT INTO score VALUES ('913903','1287',73);
INSERT INTO score VALUES ('913904','1287',91);
INSERT INTO score VALUES ('913908','1287',98);
INSERT INTO score VALUES ('914502','1287',86);
INSERT INTO score VALUES ('914503','1287',68);
INSERT INTO score VALUES ('914504','1287',59);
INSERT INTO score VALUES ('915301','1287',81);
INSERT INTO score VALUES ('915303','1287',86);
INSERT INTO score VALUES ('918201','1287',64);
INSERT INTO score VALUES ('918202','1287',82);
INSERT INTO score VALUES ('918203','1287',92);
INSERT INTO score VALUES ('918204','1287',66);
INSERT INTO score VALUES ('918205','1287',96);
INSERT INTO score VALUES ('923901','1287',61);
INSERT INTO score VALUES ('923902','1287',93);
INSERT INTO score VALUES ('923903','1287',62);
INSERT INTO score VALUES ('923904','1287',87);
INSERT INTO score VALUES ('924501','1287',45);
INSERT INTO score VALUES ('924502','1287',63);
INSERT INTO score VALUES ('924503','1287',83);
INSERT INTO score VALUES ('924505','1287',76);
INSERT INTO score VALUES ('925301','1287',81);
INSERT INTO score VALUES ('925302','1287',42);
INSERT INTO score VALUES ('925305','1287',65);
INSERT INTO score VALUES ('925306','1287',89);
INSERT INTO score VALUES ('925309','1287',83);
INSERT INTO score VALUES ('925601','1287',63);
INSERT INTO score VALUES ('925602','1287',63);
INSERT INTO score VALUES ('925603','1287',46);
INSERT INTO score VALUES ('925604','1287',64);
INSERT INTO score VALUES ('928201','1287',61);
INSERT INTO score VALUES ('928202','1287',68);
INSERT INTO score VALUES ('928203','1287',97);
INSERT INTO score VALUES ('933903','1287',49);
INSERT INTO score VALUES ('933904','1287',82);
INSERT INTO score VALUES ('934501','1287',99);
INSERT INTO score VALUES ('934502','1287',77);
INSERT INTO score VALUES ('934503','1287',63);
INSERT INTO score VALUES ('934504','1287',89);
INSERT INTO score VALUES ('935301','1287',48);
INSERT INTO score VALUES ('935303','1287',50);
INSERT INTO score VALUES ('935304','1287',87);
INSERT INTO score VALUES ('935601','1287',76);
INSERT INTO score VALUES ('935602','1287',66);
INSERT INTO score VALUES ('935604','1287',77);
INSERT INTO score VALUES ('935605','1287',63);
INSERT INTO score VALUES ('938201','1287',96);
INSERT INTO score VALUES ('938202','1287',75);
INSERT INTO score VALUES ('938204','1287',74);
INSERT INTO score VALUES ('938205','1287',66);
INSERT INTO score VALUES ('943901','1287',70);
INSERT INTO score VALUES ('943902','1287',84);
INSERT INTO score VALUES ('943903','1287',70);
INSERT INTO score VALUES ('943905','1287',69);
INSERT INTO score VALUES ('944501','1287',78);
INSERT INTO score VALUES ('944503','1287',76);
INSERT INTO score VALUES ('944511','1287',82);
INSERT INTO score VALUES ('944512','1287',41);
INSERT INTO score VALUES ('945302','1287',45);
INSERT INTO score VALUES ('945303','1287',86);
INSERT INTO score VALUES ('945314','1287',61);
INSERT INTO score VALUES ('945602','1287',84);
INSERT INTO score VALUES ('945603','1287',86);
INSERT INTO score VALUES ('945604','1287',46);
INSERT INTO score VALUES ('945605','1287',43);
INSERT INTO score VALUES ('948201','1287',92);
INSERT INTO score VALUES ('948202','1287',99);
INSERT INTO score VALUES ('925305','1290',83);
INSERT INTO score VALUES ('925306','1290',49);
INSERT INTO score VALUES ('925309','1290',76);
INSERT INTO score VALUES ('925601','1290',73);
INSERT INTO score VALUES ('925602','1290',54);
INSERT INTO score VALUES ('925603','1290',95);
INSERT INTO score VALUES ('925604','1290',51);
INSERT INTO score VALUES ('928201','1290',85);
INSERT INTO score VALUES ('928202','1290',88);
INSERT INTO score VALUES ('928203','1290',96);
INSERT INTO score VALUES ('928204','1290',51);
INSERT INTO score VALUES ('933901','1290',88);
INSERT INTO score VALUES ('933902','1290',56);
INSERT INTO score VALUES ('933903','1290',90);
INSERT INTO score VALUES ('933904','1290',78);
INSERT INTO score VALUES ('934501','1290',98);
INSERT INTO score VALUES ('934502','1290',73);
INSERT INTO score VALUES ('934503','1290',68);
INSERT INTO score VALUES ('934504','1290',65);
INSERT INTO score VALUES ('935301','1290',48);
INSERT INTO score VALUES ('935303','1290',52);
INSERT INTO score VALUES ('935304','1290',85);
INSERT INTO score VALUES ('935601','1290',93);
INSERT INTO score VALUES ('935602','1290',88);
INSERT INTO score VALUES ('935604','1290',70);
INSERT INTO score VALUES ('935605','1290',47);
INSERT INTO score VALUES ('938201','1290',65);
INSERT INTO score VALUES ('938202','1290',93);
INSERT INTO score VALUES ('938204','1290',55);
INSERT INTO score VALUES ('938205','1290',92);
INSERT INTO score VALUES ('943901','1290',92);
INSERT INTO score VALUES ('943902','1290',81);
INSERT INTO score VALUES ('943903','1290',76);
INSERT INTO score VALUES ('945602','1290',82);
INSERT INTO score VALUES ('945603','1290',71);
INSERT INTO score VALUES ('945604','1290',80);
INSERT INTO score VALUES ('945605','1290',46);
INSERT INTO score VALUES ('948201','1290',63);
INSERT INTO score VALUES ('948202','1290',60);
INSERT INTO score VALUES ('948203','1290',85);
INSERT INTO score VALUES ('948204','1290',93);
INSERT INTO score VALUES ('948205','1290',76);
INSERT INTO score VALUES ('948209','1290',49);
INSERT INTO score VALUES ('894501','1711',68);
INSERT INTO score VALUES ('905301','1711',90);
INSERT INTO score VALUES ('905302','1711',75);
INSERT INTO score VALUES ('905603','1711',53);
INSERT INTO score VALUES ('913901','1711',57);
INSERT INTO score VALUES ('913902','1711',41);
INSERT INTO score VALUES ('913903','1711',66);
INSERT INTO score VALUES ('913904','1711',70);
INSERT INTO score VALUES ('913908','1711',87);
INSERT INTO score VALUES ('914502','1711',42);
INSERT INTO score VALUES ('918203','1711',80);
INSERT INTO score VALUES ('918204','1711',92);
INSERT INTO score VALUES ('918205','1711',91);
INSERT INTO score VALUES ('923901','1711',55);
INSERT INTO score VALUES ('923902','1711',48);
INSERT INTO score VALUES ('923903','1711',56);
INSERT INTO score VALUES ('923904','1711',40);
INSERT INTO score VALUES ('924501','1711',41);
INSERT INTO score VALUES ('924502','1711',42);
INSERT INTO score VALUES ('924503','1711',83);
INSERT INTO score VALUES ('924505','1711',82);
INSERT INTO score VALUES ('925301','1711',66);
INSERT INTO score VALUES ('925302','1711',94);
INSERT INTO score VALUES ('925305','1711',93);
INSERT INTO score VALUES ('925306','1711',74);
INSERT INTO score VALUES ('925309','1711',67);
INSERT INTO score VALUES ('925601','1711',86);
INSERT INTO score VALUES ('925602','1711',91);
INSERT INTO score VALUES ('925603','1711',40);
INSERT INTO score VALUES ('925604','1711',96);
INSERT INTO score VALUES ('928201','1711',51);
INSERT INTO score VALUES ('928202','1711',88);
INSERT INTO score VALUES ('928203','1711',96);
INSERT INTO score VALUES ('928204','1711',86);
INSERT INTO score VALUES ('933901','1711',92);
INSERT INTO score VALUES ('933902','1711',68);
INSERT INTO score VALUES ('933903','1711',54);
INSERT INTO score VALUES ('933904','1711',47);
INSERT INTO score VALUES ('934501','1711',52);
INSERT INTO score VALUES ('934502','1711',97);
INSERT INTO score VALUES ('934503','1711',40);
INSERT INTO score VALUES ('934504','1711',55);
INSERT INTO score VALUES ('935301','1711',41);
INSERT INTO score VALUES ('935303','1711',59);
INSERT INTO score VALUES ('935304','1711',45);
INSERT INTO score VALUES ('935601','1711',83);
INSERT INTO score VALUES ('935602','1711',68);
INSERT INTO score VALUES ('935604','1711',57);
INSERT INTO score VALUES ('935605','1711',42);
INSERT INTO score VALUES ('938201','1711',68);
INSERT INTO score VALUES ('938202','1711',53);
INSERT INTO score VALUES ('913904','1712',60);
INSERT INTO score VALUES ('913908','1712',69);
INSERT INTO score VALUES ('914502','1712',56);
INSERT INTO score VALUES ('914503','1712',68);
INSERT INTO score VALUES ('914504','1712',91);
INSERT INTO score VALUES ('915301','1712',75);
INSERT INTO score VALUES ('915303','1712',77);
INSERT INTO score VALUES ('915304','1712',44);
INSERT INTO score VALUES ('915305','1712',56);
INSERT INTO score VALUES ('915601','1712',58);
INSERT INTO score VALUES ('915602','1712',43);
INSERT INTO score VALUES ('915604','1712',92);
INSERT INTO score VALUES ('915605','1712',46);
INSERT INTO score VALUES ('918201','1712',94);
INSERT INTO score VALUES ('918202','1712',87);
INSERT INTO score VALUES ('918203','1712',62);
INSERT INTO score VALUES ('918204','1712',64);
INSERT INTO score VALUES ('918205','1712',67);
INSERT INTO score VALUES ('923901','1712',42);
INSERT INTO score VALUES ('923902','1712',81);
INSERT INTO score VALUES ('923903','1712',57);
INSERT INTO score VALUES ('923904','1712',58);
INSERT INTO score VALUES ('924501','1712',71);
INSERT INTO score VALUES ('924502','1712',56);
INSERT INTO score VALUES ('924503','1712',56);
INSERT INTO score VALUES ('924505','1712',78);
INSERT INTO score VALUES ('925301','1712',82);
INSERT INTO score VALUES ('925302','1712',67);
INSERT INTO score VALUES ('925305','1712',78);
INSERT INTO score VALUES ('925306','1712',74);
INSERT INTO score VALUES ('925309','1712',90);
INSERT INTO score VALUES ('925601','1712',72);
INSERT INTO score VALUES ('925602','1712',57);
INSERT INTO score VALUES ('925603','1712',60);
INSERT INTO score VALUES ('925604','1712',64);
INSERT INTO score VALUES ('928201','1712',71);
INSERT INTO score VALUES ('928202','1712',83);
INSERT INTO score VALUES ('928203','1712',71);
INSERT INTO score VALUES ('928204','1712',76);
INSERT INTO score VALUES ('933901','1712',77);
INSERT INTO score VALUES ('933902','1712',63);
INSERT INTO score VALUES ('933903','1712',65);
INSERT INTO score VALUES ('933904','1712',52);
INSERT INTO score VALUES ('934501','1712',59);
INSERT INTO score VALUES ('934502','1712',94);
INSERT INTO score VALUES ('943902','1712',69);
INSERT INTO score VALUES ('943903','1712',48);
INSERT INTO score VALUES ('943905','1712',67);
INSERT INTO score VALUES ('944501','1712',76);
INSERT INTO score VALUES ('944503','1712',73);
INSERT INTO score VALUES ('944511','1712',78);
INSERT INTO score VALUES ('944512','1712',66);
INSERT INTO score VALUES ('945302','1712',63);
INSERT INTO score VALUES ('945303','1712',89);
INSERT INTO score VALUES ('945314','1712',64);
INSERT INTO score VALUES ('945601','1712',63);
INSERT INTO score VALUES ('945602','1712',98);
INSERT INTO score VALUES ('945603','1712',87);
INSERT INTO score VALUES ('945604','1712',92);
INSERT INTO score VALUES ('945605','1712',54);
INSERT INTO score VALUES ('948201','1712',100); 
INSERT INTO score VALUES ('948202','1712',51);
INSERT INTO score VALUES ('948203','1712',61);
INSERT INTO score VALUES ('948204','1712',96);
INSERT INTO score VALUES ('948205','1712',83);
INSERT INTO score VALUES ('948209','1712',70);
INSERT INTO score VALUES ('894501','1733',89);
INSERT INTO score VALUES ('905301','1733',85);
INSERT INTO score VALUES ('905302','1733',93);
INSERT INTO score VALUES ('905603','1733',72);
INSERT INTO score VALUES ('913902','1733',45);
INSERT INTO score VALUES ('913903','1733',48);
INSERT INTO score VALUES ('913904','1733',64);
INSERT INTO score VALUES ('913908','1733',58);
INSERT INTO score VALUES ('914502','1733',59);
INSERT INTO score VALUES ('914503','1733',40);
INSERT INTO score VALUES ('914504','1733',92);
INSERT INTO score VALUES ('915301','1733',97);
INSERT INTO score VALUES ('915303','1733',52);
INSERT INTO score VALUES ('915304','1733',50);
INSERT INTO score VALUES ('915305','1733',41);
INSERT INTO score VALUES ('918203','1733',54);
INSERT INTO score VALUES ('918204','1733',46);
INSERT INTO score VALUES ('918205','1733',66);
INSERT INTO score VALUES ('923901','1733',43);
INSERT INTO score VALUES ('923902','1733',77);
INSERT INTO score VALUES ('923903','1733',55);
INSERT INTO score VALUES ('923904','1733',62);
INSERT INTO score VALUES ('924501','1733',98);
INSERT INTO score VALUES ('924502','1733',45);
INSERT INTO score VALUES ('924503','1733',96);
INSERT INTO score VALUES ('924505','1733',82);
INSERT INTO score VALUES ('925301','1733',88);
INSERT INTO score VALUES ('925302','1733',41);
INSERT INTO score VALUES ('925305','1733',48);
INSERT INTO score VALUES ('925306','1733',71);
INSERT INTO score VALUES ('925309','1733',84);
INSERT INTO score VALUES ('925601','1733',97);
INSERT INTO score VALUES ('925602','1733',96);
INSERT INTO score VALUES ('925603','1733',85);
INSERT INTO score VALUES ('925604','1733',64);
INSERT INTO score VALUES ('933902','1733',83);
INSERT INTO score VALUES ('933903','1733',89);
INSERT INTO score VALUES ('933904','1733',47);
INSERT INTO score VALUES ('934501','1733',69);
INSERT INTO score VALUES ('934502','1733',86);
INSERT INTO score VALUES ('934503','1733',59);
INSERT INTO score VALUES ('934504','1733',97);
INSERT INTO score VALUES ('935301','1733',76);
INSERT INTO score VALUES ('935303','1733',55);
INSERT INTO score VALUES ('935304','1733',87);
INSERT INTO score VALUES ('935601','1733',70);
INSERT INTO score VALUES ('935602','1733',87);
INSERT INTO score VALUES ('935604','1733',62);
INSERT INTO score VALUES ('935605','1733',42);
INSERT INTO score VALUES ('938201','1733',53);
INSERT INTO score VALUES ('938202','1733',59);
INSERT INTO score VALUES ('938204','1733',40);
INSERT INTO score VALUES ('938205','1733',46);
INSERT INTO score VALUES ('943901','1733',42);
INSERT INTO score VALUES ('943905','1733',96);
INSERT INTO score VALUES ('944501','1733',47);
INSERT INTO score VALUES ('944503','1733',97);
INSERT INTO score VALUES ('945302','1733',88);
INSERT INTO score VALUES ('945303','1733',80);
INSERT INTO score VALUES ('945314','1733',40);
INSERT INTO score VALUES ('945601','1733',72);
INSERT INTO score VALUES ('945602','1733',43);
INSERT INTO score VALUES ('945603','1733',89);
INSERT INTO score VALUES ('945604','1733',55);
INSERT INTO score VALUES ('945605','1733',50);
INSERT INTO score VALUES ('948201','1733',46);
INSERT INTO score VALUES ('948202','1733',41);
INSERT INTO score VALUES ('948203','1733',82);
INSERT INTO score VALUES ('948204','1733',95);
INSERT INTO score VALUES ('948205','1733',81);
INSERT INTO score VALUES ('948209','1733',51);
INSERT INTO score VALUES ('894501','1782',70);
INSERT INTO score VALUES ('905301','1782',58);
INSERT INTO score VALUES ('905302','1782',88);
INSERT INTO score VALUES ('905603','1782',70);
INSERT INTO score VALUES ('913901','1782',74);
INSERT INTO score VALUES ('913902','1782',97);
INSERT INTO score VALUES ('913903','1782',56);
INSERT INTO score VALUES ('913904','1782',96);
INSERT INTO score VALUES ('913908','1782',91);
INSERT INTO score VALUES ('914502','1782',65);
INSERT INTO score VALUES ('914503','1782',80);
INSERT INTO score VALUES ('915304','1782',86);
INSERT INTO score VALUES ('915305','1782',59);
INSERT INTO score VALUES ('915601','1782',88);
INSERT INTO score VALUES ('915602','1782',95);
INSERT INTO score VALUES ('915604','1782',49);
INSERT INTO score VALUES ('915605','1782',87);
INSERT INTO score VALUES ('918203','1782',65);
INSERT INTO score VALUES ('918204','1782',70);
INSERT INTO score VALUES ('918205','1782',97);
INSERT INTO score VALUES ('923901','1782',76);
INSERT INTO score VALUES ('923902','1782',87);
INSERT INTO score VALUES ('923903','1782',44);
INSERT INTO score VALUES ('923904','1782',97);
INSERT INTO score VALUES ('924501','1782',94);
INSERT INTO score VALUES ('924502','1782',70);
INSERT INTO score VALUES ('924503','1782',70);
INSERT INTO score VALUES ('924505','1782',64);
INSERT INTO score VALUES ('925301','1782',89);
INSERT INTO score VALUES ('925302','1782',70);
INSERT INTO score VALUES ('925601','1782',94);
INSERT INTO score VALUES ('925602','1782',67);
INSERT INTO score VALUES ('925603','1782',64);
INSERT INTO score VALUES ('925604','1782',68);
INSERT INTO score VALUES ('928201','1782',71);
INSERT INTO score VALUES ('928202','1782',71);
INSERT INTO score VALUES ('928203','1782',88);
INSERT INTO score VALUES ('928204','1782',89);
INSERT INTO score VALUES ('933901','1782',48);
INSERT INTO score VALUES ('933902','1782',43);
INSERT INTO score VALUES ('933903','1782',45);
INSERT INTO score VALUES ('933904','1782',55);
INSERT INTO score VALUES ('934501','1782',87);
INSERT INTO score VALUES ('934502','1782',73);
INSERT INTO score VALUES ('934503','1782',95);
INSERT INTO score VALUES ('934504','1782',47);
INSERT INTO score VALUES ('935301','1782',81);
INSERT INTO score VALUES ('935303','1782',67);
INSERT INTO score VALUES ('935304','1782',94);
INSERT INTO score VALUES ('935601','1782',75);
INSERT INTO score VALUES ('935602','1782',74);
INSERT INTO score VALUES ('938202','1782',66);
INSERT INTO score VALUES ('938204','1782',56);
INSERT INTO score VALUES ('938205','1782',55);
INSERT INTO score VALUES ('943901','1782',50);
INSERT INTO score VALUES ('943902','1782',93);
INSERT INTO score VALUES ('943903','1782',64);
INSERT INTO score VALUES ('943905','1782',80);
INSERT INTO score VALUES ('944501','1782',80);
INSERT INTO score VALUES ('944503','1782',86);
INSERT INTO score VALUES ('944511','1782',52);
INSERT INTO score VALUES ('944512','1782',64);
INSERT INTO score VALUES ('945302','1782',80);
INSERT INTO score VALUES ('945303','1782',57);
INSERT INTO score VALUES ('945314','1782',80);
INSERT INTO score VALUES ('945601','1782',89);
INSERT INTO score VALUES ('945602','1782',73);
INSERT INTO score VALUES ('945603','1782',73);
INSERT INTO score VALUES ('945604','1782',43);
INSERT INTO score VALUES ('945605','1782',92);
INSERT INTO score VALUES ('948201','1782',75);
INSERT INTO score VALUES ('948202','1782',77);
INSERT INTO score VALUES ('948203','1782',92);
INSERT INTO score VALUES ('948204','1782',41);
INSERT INTO score VALUES ('894501','2111',58);
INSERT INTO score VALUES ('913901','2111',84);
INSERT INTO score VALUES ('913902','2111',50);
INSERT INTO score VALUES ('913903','2111',60);
INSERT INTO score VALUES ('913904','2111',83);
INSERT INTO score VALUES ('913908','2111',79);
INSERT INTO score VALUES ('914502','2111',78);
INSERT INTO score VALUES ('914503','2111',63);
INSERT INTO score VALUES ('914504','2111',94);
INSERT INTO score VALUES ('915301','2111',68);
INSERT INTO score VALUES ('915303','2111',69);
INSERT INTO score VALUES ('915304','2111',94);
INSERT INTO score VALUES ('915305','2111',56);
INSERT INTO score VALUES ('915601','2111',69);
INSERT INTO score VALUES ('918201','2111',84);
INSERT INTO score VALUES ('918202','2111',80);
INSERT INTO score VALUES ('918203','2111',54);
INSERT INTO score VALUES ('918204','2111',70);
INSERT INTO score VALUES ('918205','2111',86);
INSERT INTO score VALUES ('923901','2111',50);
INSERT INTO score VALUES ('923902','2111',51);
INSERT INTO score VALUES ('923903','2111',62);
INSERT INTO score VALUES ('923904','2111',92);
INSERT INTO score VALUES ('924501','2111',97);
INSERT INTO score VALUES ('924502','2111',64);
INSERT INTO score VALUES ('924503','2111',74);
INSERT INTO score VALUES ('924505','2111',79);
INSERT INTO score VALUES ('925301','2111',54);
INSERT INTO score VALUES ('925302','2111',66);
INSERT INTO score VALUES ('925601','2111',68);
INSERT INTO score VALUES ('925602','2111',91);
INSERT INTO score VALUES ('925603','2111',42);
INSERT INTO score VALUES ('925604','2111',43);
INSERT INTO score VALUES ('928201','2111',52);
INSERT INTO score VALUES ('928202','2111',47);
INSERT INTO score VALUES ('928203','2111',58);
INSERT INTO score VALUES ('933904','2111',80);
INSERT INTO score VALUES ('934501','2111',90);
INSERT INTO score VALUES ('934502','2111',75);
INSERT INTO score VALUES ('934503','2111',81);
INSERT INTO score VALUES ('934504','2111',65);
INSERT INTO score VALUES ('935301','2111',67);
INSERT INTO score VALUES ('935303','2111',44);
INSERT INTO score VALUES ('935304','2111',75);
INSERT INTO score VALUES ('935601','2111',55);
INSERT INTO score VALUES ('935602','2111',95);
INSERT INTO score VALUES ('935604','2111',76);
INSERT INTO score VALUES ('935605','2111',47);
INSERT INTO score VALUES ('938201','2111',84);
INSERT INTO score VALUES ('938202','2111',56);
INSERT INTO score VALUES ('938204','2111',58);
INSERT INTO score VALUES ('938205','2111',92);
INSERT INTO score VALUES ('943901','2111',89);
INSERT INTO score VALUES ('943902','2111',42);
INSERT INTO score VALUES ('943903','2111',57);
INSERT INTO score VALUES ('943905','2111',68);
INSERT INTO score VALUES ('944501','2111',62);
INSERT INTO score VALUES ('944512','2111',98);
INSERT INTO score VALUES ('945302','2111',56);
INSERT INTO score VALUES ('945303','2111',61);
INSERT INTO score VALUES ('945314','2111',41);
INSERT INTO score VALUES ('945601','2111',46);
INSERT INTO score VALUES ('945602','2111',43);
INSERT INTO score VALUES ('945603','2111',42);
INSERT INTO score VALUES ('945604','2111',73);
INSERT INTO score VALUES ('945605','2111',89);
INSERT INTO score VALUES ('948201','2111',41);
INSERT INTO score VALUES ('948202','2111',97);
INSERT INTO score VALUES ('948203','2111',73);
INSERT INTO score VALUES ('948204','2111',62);
INSERT INTO score VALUES ('948205','2111',91);
INSERT INTO score VALUES ('948209','2111',78);
INSERT INTO score VALUES ('894501','2112',54);
INSERT INTO score VALUES ('905301','2112',69);
INSERT INTO score VALUES ('905302','2112',61);
INSERT INTO score VALUES ('905603','2112',84);
INSERT INTO score VALUES ('913904','2112',50);
INSERT INTO score VALUES ('913908','2112',94);
INSERT INTO score VALUES ('914502','2112',92);
INSERT INTO score VALUES ('914503','2112',54);
INSERT INTO score VALUES ('914504','2112',65);
INSERT INTO score VALUES ('915301','2112',86);
INSERT INTO score VALUES ('915303','2112',89);
INSERT INTO score VALUES ('915304','2112',96);
INSERT INTO score VALUES ('915305','2112',43);
INSERT INTO score VALUES ('915601','2112',85);
INSERT INTO score VALUES ('915602','2112',96);
INSERT INTO score VALUES ('915604','2112',51);
INSERT INTO score VALUES ('915605','2112',76);
INSERT INTO score VALUES ('918201','2112',87);
INSERT INTO score VALUES ('918202','2112',68);
INSERT INTO score VALUES ('918203','2112',69);
INSERT INTO score VALUES ('918204','2112',77);
INSERT INTO score VALUES ('918205','2112',64);
INSERT INTO score VALUES ('923901','2112',56);
INSERT INTO score VALUES ('923902','2112',92);
INSERT INTO score VALUES ('923903','2112',50);
INSERT INTO score VALUES ('923904','2112',69);
INSERT INTO score VALUES ('924501','2112',75);
INSERT INTO score VALUES ('924502','2112',95);
INSERT INTO score VALUES ('924503','2112',72);
INSERT INTO score VALUES ('924505','2112',61);
INSERT INTO score VALUES ('925301','2112',50);
INSERT INTO score VALUES ('925302','2112',86);
INSERT INTO score VALUES ('925309','2112',47);
INSERT INTO score VALUES ('925601','2112',57);
INSERT INTO score VALUES ('925602','2112',65);
INSERT INTO score VALUES ('925603','2112',90);
INSERT INTO score VALUES ('925604','2112',70);
INSERT INTO score VALUES ('928201','2112',85);
INSERT INTO score VALUES ('928202','2112',87);
INSERT INTO score VALUES ('928203','2112',95);
INSERT INTO score VALUES ('928204','2112',99);
INSERT INTO score VALUES ('933901','2112',45);
INSERT INTO score VALUES ('933902','2112',58);
INSERT INTO score VALUES ('933903','2112',85);
INSERT INTO score VALUES ('933904','2112',52);
INSERT INTO score VALUES ('934501','2112',74);
INSERT INTO score VALUES ('934502','2112',60);
INSERT INTO score VALUES ('934503','2112',91);
INSERT INTO score VALUES ('935304','2112',85);
INSERT INTO score VALUES ('935601','2112',53);
INSERT INTO score VALUES ('935602','2112',94);
INSERT INTO score VALUES ('935604','2112',66);
INSERT INTO score VALUES ('935605','2112',58);
INSERT INTO score VALUES ('938201','2112',80);
INSERT INTO score VALUES ('938202','2112',82);
INSERT INTO score VALUES ('943902','2112',78);
INSERT INTO score VALUES ('943903','2112',98);
INSERT INTO score VALUES ('943905','2112',96);
INSERT INTO score VALUES ('944501','2112',53);
INSERT INTO score VALUES ('944503','2112',68);
INSERT INTO score VALUES ('944511','2112',76);
INSERT INTO score VALUES ('944512','2112',66);
INSERT INTO score VALUES ('945302','2112',96);
INSERT INTO score VALUES ('945303','2112',64);
INSERT INTO score VALUES ('945314','2112',82);
INSERT INTO score VALUES ('945601','2112',67);
INSERT INTO score VALUES ('945602','2112',74);
INSERT INTO score VALUES ('945603','2112',95);
INSERT INTO score VALUES ('945604','2112',49);
INSERT INTO score VALUES ('945605','2112',68);
INSERT INTO score VALUES ('948201','2112',66);
INSERT INTO score VALUES ('948202','2112',70);
INSERT INTO score VALUES ('948203','2112',60);
INSERT INTO score VALUES ('948204','2112',95);
INSERT INTO score VALUES ('948205','2112',50);
INSERT INTO score VALUES ('948209','2112',50);
INSERT INTO score VALUES ('905302','2115',80);
INSERT INTO score VALUES ('905603','2115',79);
INSERT INTO score VALUES ('913901','2115',70);
INSERT INTO score VALUES ('913902','2115',87);
INSERT INTO score VALUES ('913903','2115',99);
INSERT INTO score VALUES ('913904','2115',80);
INSERT INTO score VALUES ('913908','2115',92);
INSERT INTO score VALUES ('914502','2115',70);
INSERT INTO score VALUES ('914503','2115',63);
INSERT INTO score VALUES ('914504','2115',86);
INSERT INTO score VALUES ('915301','2115',90);
INSERT INTO score VALUES ('915303','2115',51);
INSERT INTO score VALUES ('915304','2115',73);
INSERT INTO score VALUES ('915305','2115',94);
INSERT INTO score VALUES ('915601','2115',52);
INSERT INTO score VALUES ('915602','2115',48);
INSERT INTO score VALUES ('915604','2115',97);
INSERT INTO score VALUES ('915605','2115',42);
INSERT INTO score VALUES ('918201','2115',58);
INSERT INTO score VALUES ('923901','2115',79);
INSERT INTO score VALUES ('923902','2115',63);
INSERT INTO score VALUES ('923903','2115',85);
INSERT INTO score VALUES ('923904','2115',54);
INSERT INTO score VALUES ('924501','2115',89);
INSERT INTO score VALUES ('924502','2115',92);
INSERT INTO score VALUES ('924503','2115',60);
INSERT INTO score VALUES ('924505','2115',65);
INSERT INTO score VALUES ('925301','2115',80);
INSERT INTO score VALUES ('925302','2115',57);
INSERT INTO score VALUES ('925305','2115',69);
INSERT INTO score VALUES ('925306','2115',82);
INSERT INTO score VALUES ('925309','2115',51);
INSERT INTO score VALUES ('925601','2115',49);
INSERT INTO score VALUES ('925602','2115',68);
INSERT INTO score VALUES ('925603','2115',96);
INSERT INTO score VALUES ('925604','2115',59);
INSERT INTO score VALUES ('928201','2115',49);
INSERT INTO score VALUES ('928202','2115',72);
INSERT INTO score VALUES ('928203','2115',78);
INSERT INTO score VALUES ('928204','2115',47);
INSERT INTO score VALUES ('933901','2115',89);
INSERT INTO score VALUES ('933902','2115',61);
INSERT INTO score VALUES ('933903','2115',76);
INSERT INTO score VALUES ('933904','2115',63);
INSERT INTO score VALUES ('934501','2115',71);
INSERT INTO score VALUES ('934502','2115',77);
INSERT INTO score VALUES ('934503','2115',90);
INSERT INTO score VALUES ('934504','2115',61);
INSERT INTO score VALUES ('935301','2115',97);
INSERT INTO score VALUES ('935303','2115',58);
INSERT INTO score VALUES ('935304','2115',42);
INSERT INTO score VALUES ('935601','2115',43);
INSERT INTO score VALUES ('935602','2115',64);
INSERT INTO score VALUES ('935604','2115',84);
INSERT INTO score VALUES ('935605','2115',76);
INSERT INTO score VALUES ('938205','2115',49);
INSERT INTO score VALUES ('943901','2115',80);
INSERT INTO score VALUES ('943902','2115',54);
INSERT INTO score VALUES ('943903','2115',72);
INSERT INTO score VALUES ('943905','2115',63);
INSERT INTO score VALUES ('944501','2115',82);
INSERT INTO score VALUES ('944503','2115',62);
INSERT INTO score VALUES ('944511','2115',48);
INSERT INTO score VALUES ('944512','2115',67);
INSERT INTO score VALUES ('945302','2115',36);
INSERT INTO score VALUES ('945303','2115',73);
INSERT INTO score VALUES ('945314','2115',96);
INSERT INTO score VALUES ('945601','2115',42);
INSERT INTO score VALUES ('945602','2115',40);
INSERT INTO score VALUES ('945603','2115',48);
INSERT INTO score VALUES ('945604','2115',88);
INSERT INTO score VALUES ('945605','2115',43);
INSERT INTO score VALUES ('948201','2115',94);
INSERT INTO score VALUES ('948202','2115',63);
INSERT INTO score VALUES ('948203','2115',34);
INSERT INTO score VALUES ('948204','2115',50);
INSERT INTO score VALUES ('948205','2115',90);
INSERT INTO score VALUES ('948209','2115',78);
INSERT INTO score VALUES ('894501','2119',67);
INSERT INTO score VALUES ('905301','2119',82);
INSERT INTO score VALUES ('905302','2119',81);
INSERT INTO score VALUES ('905603','2119',53);
INSERT INTO score VALUES ('913901','2119',58);
INSERT INTO score VALUES ('913902','2119',43);
INSERT INTO score VALUES ('913903','2119',49);
INSERT INTO score VALUES ('913904','2119',85);
INSERT INTO score VALUES ('913908','2119',46);
INSERT INTO score VALUES ('914502','2119',99);
INSERT INTO score VALUES ('915601','2119',42);
INSERT INTO score VALUES ('915602','2119',70);
INSERT INTO score VALUES ('915604','2119',45);
INSERT INTO score VALUES ('915605','2119',73);
INSERT INTO score VALUES ('918201','2119',92);
INSERT INTO score VALUES ('918202','2119',61);
INSERT INTO score VALUES ('918203','2119',46);
INSERT INTO score VALUES ('918204','2119',46);
INSERT INTO score VALUES ('918205','2119',45);
INSERT INTO score VALUES ('923901','2119',97);
INSERT INTO score VALUES ('923902','2119',87);
INSERT INTO score VALUES ('923903','2119',88);
INSERT INTO score VALUES ('923904','2119',86);
INSERT INTO score VALUES ('924501','2119',81);
INSERT INTO score VALUES ('924502','2119',79);
INSERT INTO score VALUES ('924503','2119',85);
INSERT INTO score VALUES ('924505','2119',92);
INSERT INTO score VALUES ('925301','2119',62);
INSERT INTO score VALUES ('925302','2119',67);
INSERT INTO score VALUES ('925305','2119',90);
INSERT INTO score VALUES ('925306','2119',65);
INSERT INTO score VALUES ('925309','2119',91);
INSERT INTO score VALUES ('925601','2119',47);
INSERT INTO score VALUES ('928201','2119',78);
INSERT INTO score VALUES ('928202','2119',97);
INSERT INTO score VALUES ('928203','2119',91);
INSERT INTO score VALUES ('928204','2119',51);
INSERT INTO score VALUES ('933901','2119',77);
INSERT INTO score VALUES ('933902','2119',91);
INSERT INTO score VALUES ('933903','2119',72);
INSERT INTO score VALUES ('933904','2119',99);
INSERT INTO score VALUES ('934501','2119',96);
INSERT INTO score VALUES ('934502','2119',96);
INSERT INTO score VALUES ('934503','2119',71);
INSERT INTO score VALUES ('934504','2119',95);
INSERT INTO score VALUES ('935301','2119',84);
INSERT INTO score VALUES ('935601','2119',69);
INSERT INTO score VALUES ('935602','2119',41);
INSERT INTO score VALUES ('935604','2119',44);
INSERT INTO score VALUES ('935605','2119',84);
INSERT INTO score VALUES ('938201','2119',88);
INSERT INTO score VALUES ('938202','2119',70);
INSERT INTO score VALUES ('938204','2119',97);
INSERT INTO score VALUES ('938205','2119',61);
INSERT INTO score VALUES ('943901','2119',90);
INSERT INTO score VALUES ('943902','2119',94);
INSERT INTO score VALUES ('943903','2119',67);
INSERT INTO score VALUES ('943905','2119',80);
INSERT INTO score VALUES ('944501','2119',58);
INSERT INTO score VALUES ('944503','2119',82);
INSERT INTO score VALUES ('944511','2119',68);
INSERT INTO score VALUES ('944512','2119',99);
INSERT INTO score VALUES ('945302','2119',82);
INSERT INTO score VALUES ('945303','2119',71);
INSERT INTO score VALUES ('945314','2119',83);
INSERT INTO score VALUES ('945601','2119',72);
INSERT INTO score VALUES ('945602','2119',82);
INSERT INTO score VALUES ('945603','2119',97);
INSERT INTO score VALUES ('948204','2119',76);
INSERT INTO score VALUES ('948205','2119',63);
INSERT INTO score VALUES ('948209','2119',57);
INSERT INTO score VALUES ('894501','2312',72);
INSERT INTO score VALUES ('905301','2312',90);
INSERT INTO score VALUES ('905302','2312',68);
INSERT INTO score VALUES ('905603','2312',94);
INSERT INTO score VALUES ('913901','2312',49);
INSERT INTO score VALUES ('913902','2312',79);
INSERT INTO score VALUES ('914502','2312',60);
INSERT INTO score VALUES ('914503','2312',72);
INSERT INTO score VALUES ('914504','2312',64);
INSERT INTO score VALUES ('915301','2312',71);
INSERT INTO score VALUES ('915303','2312',68);
INSERT INTO score VALUES ('915304','2312',59);
INSERT INTO score VALUES ('915305','2312',59);
INSERT INTO score VALUES ('915601','2312',72);
INSERT INTO score VALUES ('915602','2312',81);
INSERT INTO score VALUES ('915604','2312',67);
INSERT INTO score VALUES ('915605','2312',78);
INSERT INTO score VALUES ('918201','2312',42);
INSERT INTO score VALUES ('918202','2312',78);
INSERT INTO score VALUES ('923901','2312',52);
INSERT INTO score VALUES ('923902','2312',84);
INSERT INTO score VALUES ('923903','2312',61);
INSERT INTO score VALUES ('923904','2312',60);
INSERT INTO score VALUES ('924501','2312',51);
INSERT INTO score VALUES ('924502','2312',87);
INSERT INTO score VALUES ('924503','2312',69);
INSERT INTO score VALUES ('924505','2312',51);
INSERT INTO score VALUES ('925301','2312',58);
INSERT INTO score VALUES ('925302','2312',89);
INSERT INTO score VALUES ('925305','2312',76);
INSERT INTO score VALUES ('925306','2312',59);
INSERT INTO score VALUES ('925309','2312',94);
INSERT INTO score VALUES ('925601','2312',93);
INSERT INTO score VALUES ('925602','2312',55);
INSERT INTO score VALUES ('925603','2312',59);
INSERT INTO score VALUES ('925604','2312',54);
INSERT INTO score VALUES ('928204','2312',41);
INSERT INTO score VALUES ('933901','2312',56);
INSERT INTO score VALUES ('934501','2312',62);
INSERT INTO score VALUES ('934502','2312',59);
INSERT INTO score VALUES ('934503','2312',54);
INSERT INTO score VALUES ('934504','2312',44);
INSERT INTO score VALUES ('935301','2312',67);
INSERT INTO score VALUES ('935303','2312',47);
INSERT INTO score VALUES ('935304','2312',42);
INSERT INTO score VALUES ('935601','2312',52);
INSERT INTO score VALUES ('935602','2312',55);
INSERT INTO score VALUES ('935604','2312',69);
INSERT INTO score VALUES ('935605','2312',90);
INSERT INTO score VALUES ('938201','2312',64);
INSERT INTO score VALUES ('938202','2312',80);
INSERT INTO score VALUES ('938204','2312',98);
INSERT INTO score VALUES ('938205','2312',78);
INSERT INTO score VALUES ('943901','2312',61);
INSERT INTO score VALUES ('943902','2312',40);
INSERT INTO score VALUES ('943903','2312',90);
INSERT INTO score VALUES ('943905','2312',63);
INSERT INTO score VALUES ('944501','2312',51);
INSERT INTO score VALUES ('944503','2312',74);
INSERT INTO score VALUES ('944511','2312',91);
INSERT INTO score VALUES ('945314','2312',42);
INSERT INTO score VALUES ('945601','2312',79);
INSERT INTO score VALUES ('945602','2312',97);
INSERT INTO score VALUES ('945603','2312',59);
INSERT INTO score VALUES ('945604','2312',53);
INSERT INTO score VALUES ('945605','2312',62);
INSERT INTO score VALUES ('948201','2312',46);
INSERT INTO score VALUES ('948202','2312',80);
INSERT INTO score VALUES ('948203','2312',74);
INSERT INTO score VALUES ('948204','2312',55);
INSERT INTO score VALUES ('948205','2312',54);
INSERT INTO score VALUES ('948209','2312',76);
INSERT INTO score VALUES ('894501','2313',53);
INSERT INTO score VALUES ('905301','2313',70);
INSERT INTO score VALUES ('905302','2313',44);
INSERT INTO score VALUES ('913902','2313',58);
INSERT INTO score VALUES ('913903','2313',72);
INSERT INTO score VALUES ('913904','2313',53);
INSERT INTO score VALUES ('913908','2313',97);
INSERT INTO score VALUES ('914502','2313',75);
INSERT INTO score VALUES ('915301','2313',62);
INSERT INTO score VALUES ('915303','2313',52);
INSERT INTO score VALUES ('915304','2313',90);
INSERT INTO score VALUES ('915305','2313',40);
INSERT INTO score VALUES ('915601','2313',73);
INSERT INTO score VALUES ('915602','2313',72);
INSERT INTO score VALUES ('915604','2313',54);
INSERT INTO score VALUES ('915605','2313',61);
INSERT INTO score VALUES ('918201','2313',93);
INSERT INTO score VALUES ('918202','2313',41);
INSERT INTO score VALUES ('918203','2313',86);
INSERT INTO score VALUES ('918204','2313',60);
INSERT INTO score VALUES ('923903','2313',43);
INSERT INTO score VALUES ('923904','2313',45);
INSERT INTO score VALUES ('924501','2313',78);
INSERT INTO score VALUES ('924502','2313',56);
INSERT INTO score VALUES ('924503','2313',51);
INSERT INTO score VALUES ('924505','2313',48);
INSERT INTO score VALUES ('925306','2313',80);
INSERT INTO score VALUES ('925309','2313',83);
INSERT INTO score VALUES ('925601','2313',87);
INSERT INTO score VALUES ('925602','2313',89);
INSERT INTO score VALUES ('925603','2313',71);
INSERT INTO score VALUES ('925604','2313',57);
INSERT INTO score VALUES ('928201','2313',95);
INSERT INTO score VALUES ('928202','2313',65);
INSERT INTO score VALUES ('928203','2313',90);
INSERT INTO score VALUES ('928204','2313',87);
INSERT INTO score VALUES ('933901','2313',59);
INSERT INTO score VALUES ('933902','2313',86);
INSERT INTO score VALUES ('933903','2313',94);
INSERT INTO score VALUES ('933904','2313',60);
INSERT INTO score VALUES ('934503','2313',56);
INSERT INTO score VALUES ('934504','2313',40);
INSERT INTO score VALUES ('935301','2313',97);
INSERT INTO score VALUES ('938205','2313',40);
INSERT INTO score VALUES ('943901','2313',40);
INSERT INTO score VALUES ('943902','2313',42);
INSERT INTO score VALUES ('943903','2313',43);
INSERT INTO score VALUES ('943905','2313',95);
INSERT INTO score VALUES ('944501','2313',76);
INSERT INTO score VALUES ('944503','2313',89);
INSERT INTO score VALUES ('944511','2313',43);
INSERT INTO score VALUES ('944512','2313',89);
INSERT INTO score VALUES ('945302','2313',49);
INSERT INTO score VALUES ('945303','2313',86);
INSERT INTO score VALUES ('945314','2313',83);
INSERT INTO score VALUES ('945601','2313',88);
INSERT INTO score VALUES ('945604','2313',58);
INSERT INTO score VALUES ('945605','2313',77);
INSERT INTO score VALUES ('948201','2313',95);
INSERT INTO score VALUES ('948202','2313',70);
INSERT INTO score VALUES ('948203','2313',60);
INSERT INTO score VALUES ('948204','2313',78);
INSERT INTO score VALUES ('948205','2313',53);
INSERT INTO score VALUES ('948209','2313',88);
INSERT INTO score VALUES ('905302','2322',53);
INSERT INTO score VALUES ('905603','2322',51);
INSERT INTO score VALUES ('913904','2322',94);
INSERT INTO score VALUES ('913908','2322',71);
INSERT INTO score VALUES ('914502','2322',57);
INSERT INTO score VALUES ('914503','2322',97);
INSERT INTO score VALUES ('914504','2322',67);
INSERT INTO score VALUES ('915301','2322',86);
INSERT INTO score VALUES ('915303','2322',63);
INSERT INTO score VALUES ('915304','2322',47);
INSERT INTO score VALUES ('915305','2322',89);
INSERT INTO score VALUES ('915601','2322',82);
INSERT INTO score VALUES ('915605','2322',49);
INSERT INTO score VALUES ('918201','2322',43);
INSERT INTO score VALUES ('918202','2322',45);
INSERT INTO score VALUES ('918205','2322',64);
INSERT INTO score VALUES ('923901','2322',94);
INSERT INTO score VALUES ('923902','2322',78);
INSERT INTO score VALUES ('923903','2322',73);
INSERT INTO score VALUES ('923904','2322',74);
INSERT INTO score VALUES ('924501','2322',41);
INSERT INTO score VALUES ('924502','2322',51);
INSERT INTO score VALUES ('924503','2322',40);
INSERT INTO score VALUES ('924505','2322',64);
INSERT INTO score VALUES ('925301','2322',53);
INSERT INTO score VALUES ('925302','2322',53);
INSERT INTO score VALUES ('925305','2322',79);
INSERT INTO score VALUES ('925306','2322',67);
INSERT INTO score VALUES ('925309','2322',86);
INSERT INTO score VALUES ('925601','2322',82);
INSERT INTO score VALUES ('925602','2322',74);
INSERT INTO score VALUES ('925603','2322',45);
INSERT INTO score VALUES ('925604','2322',46);
INSERT INTO score VALUES ('928201','2322',53);
INSERT INTO score VALUES ('933901','2322',95);
INSERT INTO score VALUES ('933902','2322',40);
INSERT INTO score VALUES ('933903','2322',46);
INSERT INTO score VALUES ('933904','2322',82);
INSERT INTO score VALUES ('934501','2322',79);
INSERT INTO score VALUES ('934502','2322',63);
INSERT INTO score VALUES ('934503','2322',83);
INSERT INTO score VALUES ('934504','2322',56);
INSERT INTO score VALUES ('935301','2322',83);
INSERT INTO score VALUES ('935303','2322',59);
INSERT INTO score VALUES ('935304','2322',58);
INSERT INTO score VALUES ('935601','2322',91);
INSERT INTO score VALUES ('935602','2322',84);
INSERT INTO score VALUES ('935604','2322',49);
INSERT INTO score VALUES ('935605','2322',73);
INSERT INTO score VALUES ('938201','2322',61);
INSERT INTO score VALUES ('938205','2322',70);
INSERT INTO score VALUES ('943901','2322',50);
INSERT INTO score VALUES ('943902','2322',46);
INSERT INTO score VALUES ('943903','2322',53);
INSERT INTO score VALUES ('943905','2322',49);
INSERT INTO score VALUES ('944501','2322',90);
INSERT INTO score VALUES ('945303','2322',78);
INSERT INTO score VALUES ('945314','2322',54);
INSERT INTO score VALUES ('945601','2322',57);
INSERT INTO score VALUES ('945602','2322',98);
INSERT INTO score VALUES ('945603','2322',95);
INSERT INTO score VALUES ('945604','2322',70);
INSERT INTO score VALUES ('948201','2322',57);
INSERT INTO score VALUES ('948202','2322',96);
INSERT INTO score VALUES ('948203','2322',56);
INSERT INTO score VALUES ('948204','2322',57);
INSERT INTO score VALUES ('948205','2322',93);
INSERT INTO score VALUES ('948209','2322',60);
INSERT INTO score VALUES ('913903','2329',76);
INSERT INTO score VALUES ('913904','2329',68);
INSERT INTO score VALUES ('913908','2329',76);
INSERT INTO score VALUES ('914502','2329',56);
INSERT INTO score VALUES ('914503','2329',59);
INSERT INTO score VALUES ('914504','2329',82);
INSERT INTO score VALUES ('915301','2329',60);
INSERT INTO score VALUES ('915303','2329',42);
INSERT INTO score VALUES ('915304','2329',58);
INSERT INTO score VALUES ('915305','2329',88);
INSERT INTO score VALUES ('915601','2329',80);
INSERT INTO score VALUES ('915602','2329',81);
INSERT INTO score VALUES ('915604','2329',57);
INSERT INTO score VALUES ('915605','2329',77);
INSERT INTO score VALUES ('918201','2329',99);
INSERT INTO score VALUES ('918202','2329',53);
INSERT INTO score VALUES ('918203','2329',78);
INSERT INTO score VALUES ('923902','2329',81);
INSERT INTO score VALUES ('923903','2329',66);
INSERT INTO score VALUES ('923904','2329',90);
INSERT INTO score VALUES ('924501','2329',54);
INSERT INTO score VALUES ('924502','2329',53);
INSERT INTO score VALUES ('924503','2329',76);
INSERT INTO score VALUES ('924505','2329',75);
INSERT INTO score VALUES ('925301','2329',47);
INSERT INTO score VALUES ('925302','2329',94);
INSERT INTO score VALUES ('925305','2329',53);
INSERT INTO score VALUES ('925306','2329',56);
INSERT INTO score VALUES ('925309','2329',66);
INSERT INTO score VALUES ('925601','2329',91);
INSERT INTO score VALUES ('925602','2329',64);
INSERT INTO score VALUES ('925603','2329',90);
INSERT INTO score VALUES ('925604','2329',59);
INSERT INTO score VALUES ('928204','2329',55);
INSERT INTO score VALUES ('933901','2329',83);
INSERT INTO score VALUES ('933902','2329',50);
INSERT INTO score VALUES ('933903','2329',57);
INSERT INTO score VALUES ('933904','2329',74);
INSERT INTO score VALUES ('934501','2329',73);
INSERT INTO score VALUES ('934502','2329',55);
INSERT INTO score VALUES ('934503','2329',70);
INSERT INTO score VALUES ('934504','2329',71);
INSERT INTO score VALUES ('935301','2329',49);
INSERT INTO score VALUES ('935303','2329',75);
INSERT INTO score VALUES ('935304','2329',52);
INSERT INTO score VALUES ('935601','2329',78);
INSERT INTO score VALUES ('935602','2329',54);
INSERT INTO score VALUES ('935604','2329',89);
INSERT INTO score VALUES ('935605','2329',61);
INSERT INTO score VALUES ('938201','2329',90);
INSERT INTO score VALUES ('938202','2329',44);
INSERT INTO score VALUES ('938204','2329',51);
INSERT INTO score VALUES ('943903','2329',77);
INSERT INTO score VALUES ('943905','2329',68);
INSERT INTO score VALUES ('944501','2329',49);
INSERT INTO score VALUES ('944503','2329',52);
INSERT INTO score VALUES ('944511','2329',70);
INSERT INTO score VALUES ('944512','2329',40);
INSERT INTO score VALUES ('945302','2329',77);
INSERT INTO score VALUES ('945303','2329',51);
INSERT INTO score VALUES ('945605','2329',82);
INSERT INTO score VALUES ('948201','2329',54);
INSERT INTO score VALUES ('948202','2329',81);
INSERT INTO score VALUES ('948203','2329',60);
INSERT INTO score VALUES ('948204','2329',85);
INSERT INTO score VALUES ('948205','2329',62);
INSERT INTO score VALUES ('948209','2329',50);
INSERT INTO score VALUES ('894501','2357',87);
INSERT INTO score VALUES ('905301','2357',85);
INSERT INTO score VALUES ('913901','2357',77);
INSERT INTO score VALUES ('913902','2357',56);
INSERT INTO score VALUES ('913903','2357',95);
INSERT INTO score VALUES ('913904','2357',74);
INSERT INTO score VALUES ('913908','2357',52);
INSERT INTO score VALUES ('914502','2357',72);
INSERT INTO score VALUES ('914503','2357',54);
INSERT INTO score VALUES ('914504','2357',51);
INSERT INTO score VALUES ('915301','2357',87);
INSERT INTO score VALUES ('915303','2357',64);
INSERT INTO score VALUES ('915304','2357',95);
INSERT INTO score VALUES ('915305','2357',80);
INSERT INTO score VALUES ('915601','2357',57);
INSERT INTO score VALUES ('915602','2357',51);
INSERT INTO score VALUES ('915604','2357',84);
INSERT INTO score VALUES ('915605','2357',74);
INSERT INTO score VALUES ('918201','2357',99);
INSERT INTO score VALUES ('923903','2357',49);
INSERT INTO score VALUES ('923904','2357',46);
INSERT INTO score VALUES ('924501','2357',52);
INSERT INTO score VALUES ('924502','2357',54);
INSERT INTO score VALUES ('924503','2357',98);
INSERT INTO score VALUES ('924505','2357',48);
INSERT INTO score VALUES ('925301','2357',62);
INSERT INTO score VALUES ('925302','2357',96);
INSERT INTO score VALUES ('925305','2357',54);
INSERT INTO score VALUES ('925306','2357',84);
INSERT INTO score VALUES ('925309','2357',43);
INSERT INTO score VALUES ('925601','2357',87);
INSERT INTO score VALUES ('925602','2357',82);
INSERT INTO score VALUES ('925603','2357',72);
INSERT INTO score VALUES ('925604','2357',91);
INSERT INTO score VALUES ('928201','2357',62);
INSERT INTO score VALUES ('928202','2357',45);
INSERT INTO score VALUES ('933902','2357',67);
INSERT INTO score VALUES ('933903','2357',93);
INSERT INTO score VALUES ('933904','2357',98);
INSERT INTO score VALUES ('934501','2357',55);
INSERT INTO score VALUES ('934502','2357',58);
INSERT INTO score VALUES ('934503','2357',78);
INSERT INTO score VALUES ('934504','2357',70);
INSERT INTO score VALUES ('935301','2357',95);
INSERT INTO score VALUES ('935303','2357',81);
INSERT INTO score VALUES ('935304','2357',77);
INSERT INTO score VALUES ('935601','2357',43);
INSERT INTO score VALUES ('935602','2357',51);
INSERT INTO score VALUES ('938201','2357',48);
INSERT INTO score VALUES ('938202','2357',72);
INSERT INTO score VALUES ('938204','2357',60);
INSERT INTO score VALUES ('938205','2357',94);
INSERT INTO score VALUES ('943901','2357',50);
INSERT INTO score VALUES ('943902','2357',65);
INSERT INTO score VALUES ('943903','2357',71);
INSERT INTO score VALUES ('943905','2357',67);
INSERT INTO score VALUES ('944501','2357',82);
INSERT INTO score VALUES ('944503','2357',62);
INSERT INTO score VALUES ('944511','2357',89);
INSERT INTO score VALUES ('944512','2357',43);
INSERT INTO score VALUES ('945302','2357',46);
INSERT INTO score VALUES ('945303','2357',79);
INSERT INTO score VALUES ('945314','2357',92);
INSERT INTO score VALUES ('945601','2357',49);
INSERT INTO score VALUES ('945602','2357',87);
INSERT INTO score VALUES ('945603','2357',52);
INSERT INTO score VALUES ('945604','2357',87);
INSERT INTO score VALUES ('948209','2357',79);
INSERT INTO score VALUES ('894501','2358',84);
INSERT INTO score VALUES ('905301','2358',65);
INSERT INTO score VALUES ('905302','2358',47);
INSERT INTO score VALUES ('905603','2358',98);
INSERT INTO score VALUES ('913901','2358',53);
INSERT INTO score VALUES ('913902','2358',51);
INSERT INTO score VALUES ('913903','2358',59);
INSERT INTO score VALUES ('913904','2358',43);
INSERT INTO score VALUES ('913908','2358',67);
INSERT INTO score VALUES ('914502','2358',42);
INSERT INTO score VALUES ('914503','2358',86);
INSERT INTO score VALUES ('914504','2358',76);
INSERT INTO score VALUES ('915301','2358',60);
INSERT INTO score VALUES ('915303','2358',99);
INSERT INTO score VALUES ('915304','2358',42);
INSERT INTO score VALUES ('915305','2358',57);
INSERT INTO score VALUES ('915601','2358',96);
INSERT INTO score VALUES ('915602','2358',43);
INSERT INTO score VALUES ('915604','2358',93);
INSERT INTO score VALUES ('915605','2358',50);
INSERT INTO score VALUES ('918205','2358',67);
INSERT INTO score VALUES ('923901','2358',53);
INSERT INTO score VALUES ('923902','2358',78);
INSERT INTO score VALUES ('923903','2358',68);
INSERT INTO score VALUES ('923904','2358',51);
INSERT INTO score VALUES ('924501','2358',57);
INSERT INTO score VALUES ('924502','2358',52);
INSERT INTO score VALUES ('924503','2358',45);
INSERT INTO score VALUES ('924505','2358',59);
INSERT INTO score VALUES ('925301','2358',57);
INSERT INTO score VALUES ('925302','2358',62);
INSERT INTO score VALUES ('925305','2358',84);
INSERT INTO score VALUES ('925306','2358',78);
INSERT INTO score VALUES ('925309','2358',41);
INSERT INTO score VALUES ('925601','2358',65);
INSERT INTO score VALUES ('928202','2358',51);
INSERT INTO score VALUES ('928203','2358',48);
INSERT INTO score VALUES ('928204','2358',89);
INSERT INTO score VALUES ('933901','2358',69);
INSERT INTO score VALUES ('933902','2358',83);
INSERT INTO score VALUES ('933903','2358',93);
INSERT INTO score VALUES ('933904','2358',43);
INSERT INTO score VALUES ('934501','2358',77);
INSERT INTO score VALUES ('934502','2358',71);
INSERT INTO score VALUES ('934503','2358',41);
INSERT INTO score VALUES ('934504','2358',55);
INSERT INTO score VALUES ('935301','2358',48);
INSERT INTO score VALUES ('935303','2358',51);
INSERT INTO score VALUES ('935304','2358',78);
INSERT INTO score VALUES ('935605','2358',68);
INSERT INTO score VALUES ('938201','2358',71);
INSERT INTO score VALUES ('938202','2358',47);
INSERT INTO score VALUES ('938204','2358',86);
INSERT INTO score VALUES ('938205','2358',59);
INSERT INTO score VALUES ('943901','2358',49);
INSERT INTO score VALUES ('944511','2358',40);
INSERT INTO score VALUES ('944512','2358',95);
INSERT INTO score VALUES ('945302','2358',48);
INSERT INTO score VALUES ('945303','2358',61);
INSERT INTO score VALUES ('945314','2358',94);
INSERT INTO score VALUES ('945601','2358',47);
INSERT INTO score VALUES ('945602','2358',75);
INSERT INTO score VALUES ('945603','2358',52);
INSERT INTO score VALUES ('945604','2358',60);
INSERT INTO score VALUES ('945605','2358',56);
INSERT INTO score VALUES ('948201','2358',55);
INSERT INTO score VALUES ('948202','2358',99);
INSERT INTO score VALUES ('948203','2358',51);
INSERT INTO score VALUES ('948204','2358',72);
INSERT INTO score VALUES ('948205','2358',60);
INSERT INTO score VALUES ('948209','2358',56);
INSERT INTO score VALUES ('894501','2363',97);
INSERT INTO score VALUES ('905301','2363',43);
INSERT INTO score VALUES ('905302','2363',88);
INSERT INTO score VALUES ('905603','2363',48);
INSERT INTO score VALUES ('913901','2363',46);
INSERT INTO score VALUES ('913902','2363',72);
INSERT INTO score VALUES ('913903','2363',72);
INSERT INTO score VALUES ('913904','2363',42);
INSERT INTO score VALUES ('915301','2363',47);
INSERT INTO score VALUES ('915303','2363',56);
INSERT INTO score VALUES ('915304','2363',41);
INSERT INTO score VALUES ('915305','2363',83);
INSERT INTO score VALUES ('915601','2363',88);
INSERT INTO score VALUES ('915602','2363',51);
INSERT INTO score VALUES ('915604','2363',99);
INSERT INTO score VALUES ('915605','2363',65);
INSERT INTO score VALUES ('918201','2363',48);
INSERT INTO score VALUES ('918202','2363',90);
INSERT INTO score VALUES ('918203','2363',60);
INSERT INTO score VALUES ('918204','2363',71);
INSERT INTO score VALUES ('918205','2363',93);
INSERT INTO score VALUES ('923901','2363',40);
INSERT INTO score VALUES ('923902','2363',65);
INSERT INTO score VALUES ('924501','2363',90);
INSERT INTO score VALUES ('925305','2363',45);
INSERT INTO score VALUES ('925306','2363',71);
INSERT INTO score VALUES ('925309','2363',99);
INSERT INTO score VALUES ('925601','2363',75);
INSERT INTO score VALUES ('925602','2363',64);
INSERT INTO score VALUES ('925603','2363',95);
INSERT INTO score VALUES ('925604','2363',84);
INSERT INTO score VALUES ('928201','2363',71);
INSERT INTO score VALUES ('928202','2363',41);
INSERT INTO score VALUES ('928203','2363',63);
INSERT INTO score VALUES ('928204','2363',77);
INSERT INTO score VALUES ('933901','2363',95);
INSERT INTO score VALUES ('933902','2363',48);
INSERT INTO score VALUES ('933903','2363',67);
INSERT INTO score VALUES ('933904','2363',54);
INSERT INTO score VALUES ('934501','2363',64);
INSERT INTO score VALUES ('934502','2363',59);
INSERT INTO score VALUES ('934503','2363',62);
INSERT INTO score VALUES ('934504','2363',80);
INSERT INTO score VALUES ('935301','2363',86);
INSERT INTO score VALUES ('935303','2363',91);
INSERT INTO score VALUES ('935304','2363',43);
INSERT INTO score VALUES ('935601','2363',53);
INSERT INTO score VALUES ('935602','2363',83);
INSERT INTO score VALUES ('935604','2363',46);
INSERT INTO score VALUES ('935605','2363',22);
INSERT INTO score VALUES ('938201','2363',95);
INSERT INTO score VALUES ('938202','2363',85);
INSERT INTO score VALUES ('938204','2363',86);
INSERT INTO score VALUES ('938205','2363',97);
INSERT INTO score VALUES ('943901','2363',14);
INSERT INTO score VALUES ('943902','2363',54);
INSERT INTO score VALUES ('943903','2363',78);
INSERT INTO score VALUES ('943905','2363',55);
INSERT INTO score VALUES ('944501','2363',76);
INSERT INTO score VALUES ('944503','2363',48);
INSERT INTO score VALUES ('944511','2363',83);
INSERT INTO score VALUES ('944512','2363',95);
INSERT INTO score VALUES ('945302','2363',69);
INSERT INTO score VALUES ('945303','2363',66);
INSERT INTO score VALUES ('945314','2363',71);
INSERT INTO score VALUES ('945601','2363',67);
INSERT INTO score VALUES ('945602','2363',55);
INSERT INTO score VALUES ('945603','2363',78);
INSERT INTO score VALUES ('945604','2363',60);
INSERT INTO score VALUES ('945605','2363',54);
INSERT INTO score VALUES ('948201','2363',88);
INSERT INTO score VALUES ('948202','2363',94);
INSERT INTO score VALUES ('948203','2363',62);
INSERT INTO score VALUES ('948204','2363',70);
INSERT INTO score VALUES ('948205','2363',49);
INSERT INTO score VALUES ('948209','2363',74);
INSERT INTO score VALUES ('894501','2365',65);
INSERT INTO score VALUES ('905301','2365',50);
INSERT INTO score VALUES ('905302','2365',51);
INSERT INTO score VALUES ('905603','2365',51);
INSERT INTO score VALUES ('913901','2365',93);
INSERT INTO score VALUES ('913902','2365',94);
INSERT INTO score VALUES ('913903','2365',60);
INSERT INTO score VALUES ('913904','2365',50);
INSERT INTO score VALUES ('913908','2365',92);
INSERT INTO score VALUES ('914502','2365',88);
INSERT INTO score VALUES ('914503','2365',85);
INSERT INTO score VALUES ('914504','2365',80);
INSERT INTO score VALUES ('915301','2365',78);
INSERT INTO score VALUES ('915303','2365',53);
INSERT INTO score VALUES ('918203','2365',65);
INSERT INTO score VALUES ('918204','2365',51);
INSERT INTO score VALUES ('918205','2365',57);
INSERT INTO score VALUES ('923901','2365',41);
INSERT INTO score VALUES ('923902','2365',77);
INSERT INTO score VALUES ('923903','2365',68);
INSERT INTO score VALUES ('923904','2365',92);
INSERT INTO score VALUES ('924501','2365',44);
INSERT INTO score VALUES ('924502','2365',59);
INSERT INTO score VALUES ('924503','2365',51);
INSERT INTO score VALUES ('925603','2365',83);
INSERT INTO score VALUES ('925604','2365',54);
INSERT INTO score VALUES ('928201','2365',46);
INSERT INTO score VALUES ('928202','2365',49);
INSERT INTO score VALUES ('928203','2365',80);
INSERT INTO score VALUES ('928204','2365',58);
INSERT INTO score VALUES ('933901','2365',70);
INSERT INTO score VALUES ('933902','2365',82);
INSERT INTO score VALUES ('933903','2365',97);
INSERT INTO score VALUES ('933904','2365',78);
INSERT INTO score VALUES ('934501','2365',84);
INSERT INTO score VALUES ('934502','2365',51);
INSERT INTO score VALUES ('934503','2365',65);
INSERT INTO score VALUES ('934504','2365',74);
INSERT INTO score VALUES ('935301','2365',85);
INSERT INTO score VALUES ('935303','2365',82);
INSERT INTO score VALUES ('935304','2365',51);
INSERT INTO score VALUES ('935601','2365',87);
INSERT INTO score VALUES ('935602','2365',79);
INSERT INTO score VALUES ('935604','2365',85);
INSERT INTO score VALUES ('935605','2365',98);
INSERT INTO score VALUES ('938201','2365',80);
INSERT INTO score VALUES ('938202','2365',61);
INSERT INTO score VALUES ('938204','2365',99);
INSERT INTO score VALUES ('938205','2365',42);
INSERT INTO score VALUES ('943901','2365',50);
INSERT INTO score VALUES ('943902','2365',51);
INSERT INTO score VALUES ('943903','2365',86);
INSERT INTO score VALUES ('943905','2365',50);
INSERT INTO score VALUES ('944501','2365',61);
INSERT INTO score VALUES ('944503','2365',67);
INSERT INTO score VALUES ('944511','2365',45);
INSERT INTO score VALUES ('944512','2365',97);
INSERT INTO score VALUES ('945302','2365',96);
INSERT INTO score VALUES ('945303','2365',98);
INSERT INTO score VALUES ('945314','2365',69);
INSERT INTO score VALUES ('945601','2365',53);
INSERT INTO score VALUES ('945602','2365',94);
INSERT INTO score VALUES ('945603','2365',93);
INSERT INTO score VALUES ('945604','2365',54);
INSERT INTO score VALUES ('945605','2365',80);
INSERT INTO score VALUES ('948201','2365',60);
INSERT INTO score VALUES ('948202','2365',80);
INSERT INTO score VALUES ('905603','2366',57);
INSERT INTO score VALUES ('913901','2366',46);
INSERT INTO score VALUES ('913902','2366',77);
INSERT INTO score VALUES ('913903','2366',79);
INSERT INTO score VALUES ('913904','2366',75);
INSERT INTO score VALUES ('913908','2366',85);
INSERT INTO score VALUES ('914502','2366',64);
INSERT INTO score VALUES ('914503','2366',57);
INSERT INTO score VALUES ('914504','2366',95);
INSERT INTO score VALUES ('915301','2366',90);
INSERT INTO score VALUES ('915303','2366',79);
INSERT INTO score VALUES ('915304','2366',96);
INSERT INTO score VALUES ('915305','2366',87);
INSERT INTO score VALUES ('915601','2366',95);
INSERT INTO score VALUES ('915602','2366',74);
INSERT INTO score VALUES ('915604','2366',82);
INSERT INTO score VALUES ('915605','2366',80);
INSERT INTO score VALUES ('918201','2366',78);
INSERT INTO score VALUES ('918202','2366',68);
INSERT INTO score VALUES ('918203','2366',78);
INSERT INTO score VALUES ('918204','2366',96);
INSERT INTO score VALUES ('918205','2366',91);
INSERT INTO score VALUES ('923901','2366',48);
INSERT INTO score VALUES ('923902','2366',59);
INSERT INTO score VALUES ('924503','2366',58);
INSERT INTO score VALUES ('924505','2366',44);
INSERT INTO score VALUES ('925301','2366',54);
INSERT INTO score VALUES ('925302','2366',68);
INSERT INTO score VALUES ('925305','2366',93);
INSERT INTO score VALUES ('925306','2366',86);
INSERT INTO score VALUES ('925309','2366',40);
INSERT INTO score VALUES ('925601','2366',42);
INSERT INTO score VALUES ('925602','2366',90);
INSERT INTO score VALUES ('925603','2366',62);
INSERT INTO score VALUES ('925604','2366',53);
INSERT INTO score VALUES ('928201','2366',93);
INSERT INTO score VALUES ('928202','2366',59);
INSERT INTO score VALUES ('928203','2366',92);
INSERT INTO score VALUES ('928204','2366',91);
INSERT INTO score VALUES ('933901','2366',80);
INSERT INTO score VALUES ('933902','2366',49);
INSERT INTO score VALUES ('933903','2366',54);
INSERT INTO score VALUES ('933904','2366',43);
INSERT INTO score VALUES ('934501','2366',60);
INSERT INTO score VALUES ('935602','2366',58);
INSERT INTO score VALUES ('935604','2366',82);
INSERT INTO score VALUES ('935605','2366',60);
INSERT INTO score VALUES ('938201','2366',93);
INSERT INTO score VALUES ('938202','2366',93);
INSERT INTO score VALUES ('938204','2366',89);
INSERT INTO score VALUES ('938205','2366',78);
INSERT INTO score VALUES ('943901','2366',85);
INSERT INTO score VALUES ('943902','2366',87);
INSERT INTO score VALUES ('943903','2366',76);
INSERT INTO score VALUES ('943905','2366',80);
INSERT INTO score VALUES ('944501','2366',98);
INSERT INTO score VALUES ('944503','2366',77);
INSERT INTO score VALUES ('944511','2366',56);
INSERT INTO score VALUES ('944512','2366',87);
INSERT INTO score VALUES ('945302','2366',76);
INSERT INTO score VALUES ('945303','2366',99);
INSERT INTO score VALUES ('945314','2366',70);
INSERT INTO score VALUES ('945601','2366',59);
INSERT INTO score VALUES ('945602','2366',58);
INSERT INTO score VALUES ('945603','2366',46);
INSERT INTO score VALUES ('945604','2366',45);
INSERT INTO score VALUES ('945605','2366',50);
INSERT INTO score VALUES ('948201','2366',79);
INSERT INTO score VALUES ('948209','2366',67);
INSERT INTO score VALUES ('894501','2367',53);
INSERT INTO score VALUES ('905301','2367',77);
INSERT INTO score VALUES ('905302','2367',86);
INSERT INTO score VALUES ('905603','2367',74);
INSERT INTO score VALUES ('913901','2367',47);
INSERT INTO score VALUES ('913902','2367',93);
INSERT INTO score VALUES ('913903','2367',95);
INSERT INTO score VALUES ('913904','2367',78);
INSERT INTO score VALUES ('913908','2367',99);
INSERT INTO score VALUES ('914502','2367',98);
INSERT INTO score VALUES ('914503','2367',81);
INSERT INTO score VALUES ('914504','2367',95);
INSERT INTO score VALUES ('915301','2367',72);
INSERT INTO score VALUES ('915303','2367',89);
INSERT INTO score VALUES ('915304','2367',57);
INSERT INTO score VALUES ('915305','2367',66);
INSERT INTO score VALUES ('915601','2367',42);
INSERT INTO score VALUES ('915602','2367',78);
INSERT INTO score VALUES ('923901','2367',42);
INSERT INTO score VALUES ('923902','2367',54);
INSERT INTO score VALUES ('923903','2367',62);
INSERT INTO score VALUES ('923904','2367',86);
INSERT INTO score VALUES ('924501','2367',96);
INSERT INTO score VALUES ('924502','2367',59);
INSERT INTO score VALUES ('924503','2367',42);
INSERT INTO score VALUES ('924505','2367',55);
INSERT INTO score VALUES ('925301','2367',71);
INSERT INTO score VALUES ('925302','2367',62);
INSERT INTO score VALUES ('925305','2367',82);
INSERT INTO score VALUES ('925306','2367',72);
INSERT INTO score VALUES ('925309','2367',93);
INSERT INTO score VALUES ('925601','2367',55);
INSERT INTO score VALUES ('925602','2367',56);
INSERT INTO score VALUES ('925603','2367',85);
INSERT INTO score VALUES ('925604','2367',56);
INSERT INTO score VALUES ('928201','2367',94);
INSERT INTO score VALUES ('928202','2367',42);
INSERT INTO score VALUES ('933902','2367',47);
INSERT INTO score VALUES ('933903','2367',89);
INSERT INTO score VALUES ('933904','2367',99);
INSERT INTO score VALUES ('934501','2367',60);
INSERT INTO score VALUES ('934502','2367',45);
INSERT INTO score VALUES ('935301','2367',81);
INSERT INTO score VALUES ('935303','2367',73);
INSERT INTO score VALUES ('935304','2367',79);
INSERT INTO score VALUES ('935601','2367',40);
INSERT INTO score VALUES ('935602','2367',96);
INSERT INTO score VALUES ('935604','2367',92);
INSERT INTO score VALUES ('935605','2367',89);
INSERT INTO score VALUES ('938201','2367',54);
INSERT INTO score VALUES ('938202','2367',81);
INSERT INTO score VALUES ('938204','2367',54);
INSERT INTO score VALUES ('938205','2367',68);
INSERT INTO score VALUES ('943901','2367',42);
INSERT INTO score VALUES ('943902','2367',77);
INSERT INTO score VALUES ('943903','2367',44);
INSERT INTO score VALUES ('943905','2367',82);
INSERT INTO score VALUES ('944501','2367',72);
INSERT INTO score VALUES ('944503','2367',81);
INSERT INTO score VALUES ('944511','2367',87);
INSERT INTO score VALUES ('944512','2367',94);
INSERT INTO score VALUES ('945302','2367',53);
INSERT INTO score VALUES ('945602','2367',66);
INSERT INTO score VALUES ('945603','2367',61);
INSERT INTO score VALUES ('945604','2367',48);
INSERT INTO score VALUES ('945605','2367',41);
INSERT INTO score VALUES ('948201','2367',74);
INSERT INTO score VALUES ('948202','2367',67);
INSERT INTO score VALUES ('948203','2367',50);
INSERT INTO score VALUES ('948204','2367',94);
INSERT INTO score VALUES ('948205','2367',41);
INSERT INTO score VALUES ('948209','2367',75);
INSERT INTO score VALUES ('894501','2368',94);
INSERT INTO score VALUES ('905301','2368',71);
INSERT INTO score VALUES ('905302','2368',58);
INSERT INTO score VALUES ('905603','2368',74);
INSERT INTO score VALUES ('913901','2368',61);
INSERT INTO score VALUES ('913902','2368',47);
INSERT INTO score VALUES ('913903','2368',96);
INSERT INTO score VALUES ('913904','2368',70);
INSERT INTO score VALUES ('913908','2368',54);
INSERT INTO score VALUES ('914502','2368',58);
INSERT INTO score VALUES ('914503','2368',71);
INSERT INTO score VALUES ('914504','2368',46);
INSERT INTO score VALUES ('915301','2368',90);
INSERT INTO score VALUES ('915303','2368',46);
INSERT INTO score VALUES ('915601','2368',83);
INSERT INTO score VALUES ('915602','2368',51);
INSERT INTO score VALUES ('915604','2368',86);
INSERT INTO score VALUES ('915605','2368',77);
INSERT INTO score VALUES ('918201','2368',99);
INSERT INTO score VALUES ('918202','2368',64);
INSERT INTO score VALUES ('918203','2368',43);
INSERT INTO score VALUES ('918204','2368',82);
INSERT INTO score VALUES ('918205','2368',80);
INSERT INTO score VALUES ('923901','2368',74);
INSERT INTO score VALUES ('923902','2368',64);
INSERT INTO score VALUES ('923903','2368',42);
INSERT INTO score VALUES ('923904','2368',82);
INSERT INTO score VALUES ('924501','2368',55);
INSERT INTO score VALUES ('924502','2368',56);
INSERT INTO score VALUES ('924503','2368',48);
INSERT INTO score VALUES ('924505','2368',99);
INSERT INTO score VALUES ('925301','2368',60);
INSERT INTO score VALUES ('925302','2368',51);
INSERT INTO score VALUES ('925305','2368',66);
INSERT INTO score VALUES ('925306','2368',89);
INSERT INTO score VALUES ('925309','2368',67);
INSERT INTO score VALUES ('925603','2368',53);
INSERT INTO score VALUES ('925604','2368',83);
INSERT INTO score VALUES ('928201','2368',12);
INSERT INTO score VALUES ('928202','2368',62);
INSERT INTO score VALUES ('928203','2368',80);
INSERT INTO score VALUES ('928204','2368',78);
INSERT INTO score VALUES ('933901','2368',55);
INSERT INTO score VALUES ('933902','2368',91);
INSERT INTO score VALUES ('933903','2368',32);
INSERT INTO score VALUES ('933904','2368',60);
INSERT INTO score VALUES ('934501','2368',44);
INSERT INTO score VALUES ('934502','2368',49);
INSERT INTO score VALUES ('934503','2368',57);
INSERT INTO score VALUES ('934504','2368',43);
INSERT INTO score VALUES ('935301','2368',57);
INSERT INTO score VALUES ('935303','2368',74);
INSERT INTO score VALUES ('935304','2368',45);
INSERT INTO score VALUES ('935601','2368',82);
INSERT INTO score VALUES ('935602','2368',77);
INSERT INTO score VALUES ('935604','2368',43);
INSERT INTO score VALUES ('935605','2368',62);
INSERT INTO score VALUES ('938204','2368',53);
INSERT INTO score VALUES ('938205','2368',79);
INSERT INTO score VALUES ('943901','2368',82);
INSERT INTO score VALUES ('943902','2368',72);
INSERT INTO score VALUES ('943903','2368',79);
INSERT INTO score VALUES ('943905','2368',73);
INSERT INTO score VALUES ('944501','2368',64);
INSERT INTO score VALUES ('944503','2368',94);
INSERT INTO score VALUES ('944511','2368',96);
INSERT INTO score VALUES ('944512','2368',95);
INSERT INTO score VALUES ('945302','2368',58);
INSERT INTO score VALUES ('945303','2368',99);
INSERT INTO score VALUES ('945314','2368',78);
INSERT INTO score VALUES ('945601','2368',42);
INSERT INTO score VALUES ('945602','2368',58);
INSERT INTO score VALUES ('945603','2368',73);
INSERT INTO score VALUES ('945604','2368',93);
INSERT INTO score VALUES ('948204','2368',58);
INSERT INTO score VALUES ('948205','2368',73);
INSERT INTO score VALUES ('905301','2369',42);
INSERT INTO score VALUES ('905302','2369',88);
INSERT INTO score VALUES ('905603','2369',69);
INSERT INTO score VALUES ('913901','2369',51);
INSERT INTO score VALUES ('913902','2369',79);
INSERT INTO score VALUES ('913903','2369',90);
INSERT INTO score VALUES ('913904','2369',53);
INSERT INTO score VALUES ('913908','2369',92);
INSERT INTO score VALUES ('914502','2369',65);
INSERT INTO score VALUES ('914503','2369',44);
INSERT INTO score VALUES ('914504','2369',41);
INSERT INTO score VALUES ('915301','2369',53);
INSERT INTO score VALUES ('915303','2369',42);
INSERT INTO score VALUES ('915304','2369',49);
INSERT INTO score VALUES ('915305','2369',87);
INSERT INTO score VALUES ('915601','2369',47);
INSERT INTO score VALUES ('915602','2369',78);
INSERT INTO score VALUES ('915604','2369',43);
INSERT INTO score VALUES ('918203','2369',90);
INSERT INTO score VALUES ('918204','2369',67);
INSERT INTO score VALUES ('918205','2369',99);
INSERT INTO score VALUES ('923901','2369',50);
INSERT INTO score VALUES ('923902','2369',88);
INSERT INTO score VALUES ('923903','2369',43);
INSERT INTO score VALUES ('923904','2369',80);
INSERT INTO score VALUES ('924501','2369',84);
INSERT INTO score VALUES ('924502','2369',61);
INSERT INTO score VALUES ('924503','2369',57);
INSERT INTO score VALUES ('924505','2369',81);
INSERT INTO score VALUES ('925301','2369',70);
INSERT INTO score VALUES ('925302','2369',41);
INSERT INTO score VALUES ('925305','2369',90);
INSERT INTO score VALUES ('928203','2369',44);
INSERT INTO score VALUES ('928204','2369',67);
INSERT INTO score VALUES ('933901','2369',60);
INSERT INTO score VALUES ('934503','2369',79);
INSERT INTO score VALUES ('934504','2369',62);
INSERT INTO score VALUES ('935301','2369',50);
INSERT INTO score VALUES ('935303','2369',43);
INSERT INTO score VALUES ('935304','2369',52);
INSERT INTO score VALUES ('935601','2369',76);
INSERT INTO score VALUES ('935602','2369',72);
INSERT INTO score VALUES ('935604','2369',90);
INSERT INTO score VALUES ('935605','2369',62);
INSERT INTO score VALUES ('943903','2369',65);
INSERT INTO score VALUES ('943905','2369',56);
INSERT INTO score VALUES ('944501','2369',57);
INSERT INTO score VALUES ('944503','2369',75);
INSERT INTO score VALUES ('944511','2369',68);
INSERT INTO score VALUES ('944512','2369',41);
INSERT INTO score VALUES ('945302','2369',43);
INSERT INTO score VALUES ('945303','2369',79);
INSERT INTO score VALUES ('945314','2369',64);
INSERT INTO score VALUES ('945601','2369',88);
INSERT INTO score VALUES ('945602','2369',50);
INSERT INTO score VALUES ('945603','2369',67);
INSERT INTO score VALUES ('945604','2369',71);
INSERT INTO score VALUES ('945605','2369',82);
INSERT INTO score VALUES ('948201','2369',87);
INSERT INTO score VALUES ('948202','2369',63);
INSERT INTO score VALUES ('948203','2369',59);
INSERT INTO score VALUES ('948204','2369',46);
INSERT INTO score VALUES ('948205','2369',71);
INSERT INTO score VALUES ('948209','2369',60);
INSERT INTO score VALUES ('894501','2370',93);
INSERT INTO score VALUES ('905301','2370',46);
INSERT INTO score VALUES ('905302','2370',73);
INSERT INTO score VALUES ('905603','2370',81);
INSERT INTO score VALUES ('913901','2370',74);
INSERT INTO score VALUES ('913902','2370',64);
INSERT INTO score VALUES ('913903','2370',78);
INSERT INTO score VALUES ('914504','2370',56);
INSERT INTO score VALUES ('915301','2370',60);
INSERT INTO score VALUES ('915303','2370',84);
INSERT INTO score VALUES ('915304','2370',95);
INSERT INTO score VALUES ('915305','2370',68);
INSERT INTO score VALUES ('915601','2370',73);
INSERT INTO score VALUES ('915602','2370',75);
INSERT INTO score VALUES ('915604','2370',78);
INSERT INTO score VALUES ('915605','2370',84);
INSERT INTO score VALUES ('918201','2370',67);
INSERT INTO score VALUES ('918202','2370',32);
INSERT INTO score VALUES ('918203','2370',77);
INSERT INTO score VALUES ('918204','2370',74);
INSERT INTO score VALUES ('918205','2370',94);
INSERT INTO score VALUES ('923901','2370',63);
INSERT INTO score VALUES ('923902','2370',95);
INSERT INTO score VALUES ('923903','2370',49);
INSERT INTO score VALUES ('923904','2370',69);
INSERT INTO score VALUES ('924501','2370',81);
INSERT INTO score VALUES ('924502','2370',90);
INSERT INTO score VALUES ('924503','2370',66);
INSERT INTO score VALUES ('924505','2370',42);
INSERT INTO score VALUES ('925301','2370',78);
INSERT INTO score VALUES ('925302','2370',72);
INSERT INTO score VALUES ('925309','2370',94);
INSERT INTO score VALUES ('925601','2370',95);
INSERT INTO score VALUES ('925602','2370',84);
INSERT INTO score VALUES ('925603','2370',68);
INSERT INTO score VALUES ('925604','2370',94);
INSERT INTO score VALUES ('928201','2370',95);
INSERT INTO score VALUES ('928202','2370',84);
INSERT INTO score VALUES ('928203','2370',72);
INSERT INTO score VALUES ('928204','2370',35);
INSERT INTO score VALUES ('933901','2370',95);
INSERT INTO score VALUES ('933902','2370',44);
INSERT INTO score VALUES ('933903','2370',36);
INSERT INTO score VALUES ('933904','2370',65);
INSERT INTO score VALUES ('934501','2370',47);
INSERT INTO score VALUES ('934502','2370',86);
INSERT INTO score VALUES ('934503','2370',78);
INSERT INTO score VALUES ('934504','2370',47);
INSERT INTO score VALUES ('935301','2370',94);
INSERT INTO score VALUES ('935303','2370',87);
INSERT INTO score VALUES ('935304','2370',69);
INSERT INTO score VALUES ('935601','2370',68);
INSERT INTO score VALUES ('935602','2370',90);
INSERT INTO score VALUES ('938204','2370',58);
INSERT INTO score VALUES ('938205','2370',45);
INSERT INTO score VALUES ('943901','2370',63);
INSERT INTO score VALUES ('944501','2370',90);
INSERT INTO score VALUES ('944503','2370',51);
INSERT INTO score VALUES ('944511','2370',21);
INSERT INTO score VALUES ('944512','2370',69);
INSERT INTO score VALUES ('945302','2370',73);
INSERT INTO score VALUES ('945303','2370',68);
INSERT INTO score VALUES ('945314','2370',99);
INSERT INTO score VALUES ('945601','2370',77);
INSERT INTO score VALUES ('945602','2370',31);
INSERT INTO score VALUES ('945603','2370',78);
INSERT INTO score VALUES ('945604','2370',50);
INSERT INTO score VALUES ('945605','2370',88);
INSERT INTO score VALUES ('948201','2370',42);
INSERT INTO score VALUES ('948202','2370',95);
INSERT INTO score VALUES ('948203','2370',47);
INSERT INTO score VALUES ('948204','2370',89);
INSERT INTO score VALUES ('948205','2370',84);
INSERT INTO score VALUES ('948209','2370',53);
INSERT INTO score VALUES ('894501','2410',71);
INSERT INTO score VALUES ('905301','2410',46);
INSERT INTO score VALUES ('905302','2410',62);
INSERT INTO score VALUES ('905603','2410',42);
INSERT INTO score VALUES ('913901','2410',85);
INSERT INTO score VALUES ('913902','2410',62);
INSERT INTO score VALUES ('913903','2410',80);
INSERT INTO score VALUES ('913904','2410',41);
INSERT INTO score VALUES ('913908','2410',73);
INSERT INTO score VALUES ('914502','2410',57);
INSERT INTO score VALUES ('914503','2410',51);
INSERT INTO score VALUES ('914504','2410',84);
INSERT INTO score VALUES ('915301','2410',49);
INSERT INTO score VALUES ('915303','2410',94);
INSERT INTO score VALUES ('915304','2410',46);
INSERT INTO score VALUES ('915305','2410',44);
INSERT INTO score VALUES ('915601','2410',85);
INSERT INTO score VALUES ('915602','2410',98);
INSERT INTO score VALUES ('915604','2410',75);
INSERT INTO score VALUES ('915605','2410',85);
INSERT INTO score VALUES ('918201','2410',55);
INSERT INTO score VALUES ('918202','2410',79);
INSERT INTO score VALUES ('923901','2410',70);
INSERT INTO score VALUES ('923902','2410',35);
INSERT INTO score VALUES ('923903','2410',50);
INSERT INTO score VALUES ('923904','2410',94);
INSERT INTO score VALUES ('924501','2410',51);
INSERT INTO score VALUES ('924502','2410',99);
INSERT INTO score VALUES ('924503','2410',89);
INSERT INTO score VALUES ('924505','2410',51);
INSERT INTO score VALUES ('925301','2410',85);
INSERT INTO score VALUES ('925601','2410',52);
INSERT INTO score VALUES ('925602','2410',74);
INSERT INTO score VALUES ('925603','2410',86);
INSERT INTO score VALUES ('925604','2410',84);
INSERT INTO score VALUES ('928201','2410',52);
INSERT INTO score VALUES ('928202','2410',49);
INSERT INTO score VALUES ('928203','2410',71);
INSERT INTO score VALUES ('928204','2410',77);
INSERT INTO score VALUES ('933901','2410',82);
INSERT INTO score VALUES ('933902','2410',95);
INSERT INTO score VALUES ('933903','2410',85);
INSERT INTO score VALUES ('933904','2410',77);
INSERT INTO score VALUES ('934501','2410',81);
INSERT INTO score VALUES ('934502','2410',62);
INSERT INTO score VALUES ('934503','2410',67);
INSERT INTO score VALUES ('934504','2410',55);
INSERT INTO score VALUES ('935301','2410',50);
INSERT INTO score VALUES ('935303','2410',88);
INSERT INTO score VALUES ('935304','2410',76);
INSERT INTO score VALUES ('935601','2410',43);
INSERT INTO score VALUES ('935602','2410',51);
INSERT INTO score VALUES ('935604','2410',79);
INSERT INTO score VALUES ('935605','2410',73);
INSERT INTO score VALUES ('938201','2410',79);
INSERT INTO score VALUES ('938202','2410',90);
INSERT INTO score VALUES ('938204','2410',84);
INSERT INTO score VALUES ('938205','2410',42);
INSERT INTO score VALUES ('943901','2410',67);
INSERT INTO score VALUES ('943902','2410',69);
INSERT INTO score VALUES ('943903','2410',49);
INSERT INTO score VALUES ('943905','2410',64);
INSERT INTO score VALUES ('944501','2410',58);
INSERT INTO score VALUES ('944503','2410',78);
INSERT INTO score VALUES ('945603','2410',92);
INSERT INTO score VALUES ('945604','2410',42);
INSERT INTO score VALUES ('945605','2410',47);
INSERT INTO score VALUES ('948201','2410',66);
INSERT INTO score VALUES ('948202','2410',22);
INSERT INTO score VALUES ('948203','2410',61);
INSERT INTO score VALUES ('948204','2410',66);
COMMIT;

DROP TABLE SCORE;

CREATE TABLE scgrade (
grade VARCHAR2(1),
hiscore NUMBER(3),
loscore NUMBER(3)
);

INSERT INTO scgrade VALUES ('A',100,85);
INSERT INTO scgrade VALUES ('B',84,70);
INSERT INTO scgrade VALUES ('C',69,55);
INSERT INTO scgrade VALUES ('D',54,40);
INSERT INTO scgrade VALUES ('F',39,0);

COMMIT;

CREATE TABLE STD_DT_TABLE (
STD_DT DATE, 
SEMESTER VARCHAR2(20),
CONSTRAINT STD_DT_TABLE_PK PRIMARY KEY(STD_DT)
);

INSERT INTO STD_DT_TABLE VALUES (TO_DATE('2020-07-31','YYYY-MM-DD'), '20/01');
INSERT INTO STD_DT_TABLE VALUES (TO_DATE('2020-12-31','YYYY-MM-DD'), '20/02');
INSERT INTO STD_DT_TABLE VALUES (TO_DATE('2021-07-31','YYYY-MM-DD'), '21/01');
INSERT INTO STD_DT_TABLE VALUES (TO_DATE('2021-12-31','YYYY-MM-DD'), '21/02');
COMMIT;

CREATE TABLE BEST_EMP (
ENO VARCHAR2(4), 
ENAME VARCHAR2(20),
CONSTRAINT BEST_EMP_PK PRIMARY KEY(ENO)
);

INSERT INTO BEST_EMP VALUES ('1001', '문시현');
INSERT INTO BEST_EMP VALUES ('0001', '안영희');
COMMIT;

CREATE TABLE CLS_PRC_BY_DT (
BSNSS_DT VARCHAR2(20),
STND_IS_CD VARCHAR2(20),
CRNCY_CD VARCHAR2(3),
CLS_PRC NUMBER,
CONSTRAINT CLS_PRC_BY_DT_PK PRIMARY KEY (BSNSS_DT, STND_IS_CD)
);

INSERT INTO CLS_PRC_BY_DT VALUES ('20210415', 'US0378331005', 'USD', 134.5);
INSERT INTO CLS_PRC_BY_DT VALUES ('20210416', 'US0378331005', 'USD', 134.1);
INSERT INTO CLS_PRC_BY_DT VALUES ('20210419', 'US0378331005', 'USD', 134.8);
INSERT INTO CLS_PRC_BY_DT VALUES ('20210415', 'KYG017191142', 'HKD', 233.8);
INSERT INTO CLS_PRC_BY_DT VALUES ('20210416', 'KYG017191142', 'HKD', 235.6);
INSERT INTO CLS_PRC_BY_DT VALUES ('20210419', 'KYG017191142', 'HKD', 232.0);
COMMIT;

CREATE TABLE EXCHANGE_RATE_CLS_PRC_BY_DT (
STD_DT VARCHAR2(20),
CRNCY_CD VARCHAR2(3),
RATE NUMBER,
CONSTRAINT EXCHANGE_RATE_CLS_PRC_BY_DT_PK PRIMARY KEY (STD_DT, CRNCY_CD)
);

INSERT INTO EXCHANGE_RATE_CLS_PRC_BY_DT VALUES ('20210415', 'USD', 1117.0);
INSERT INTO EXCHANGE_RATE_CLS_PRC_BY_DT VALUES ('20210416', 'USD', 1116.5);
INSERT INTO EXCHANGE_RATE_CLS_PRC_BY_DT VALUES ('20210415', 'HKD', 143.80);
INSERT INTO EXCHANGE_RATE_CLS_PRC_BY_DT VALUES ('20210416', 'HKD', 143.64);
COMMIT;

